Asset_ID,Incident_Date,Gap_Days
100080,2024-03-11,1.0
100080,2024-03-12,1.0
100080,2024-03-13,1.0
100080,2024-03-14,1.0
100080,2024-03-15,1.0
100080,2024-03-16,1.0
100080,2024-03-17,1.0
100080,2024-03-18,1.0
100080,2024-03-19,1.0
100080,2024-03-20,1.0
100080,2024-03-21,1.0
100080,2024-03-22,1.0
100080,2024-03-23,1.0
100080,2024-03-24,1.0
100080,2024-03-25,1.0
100080,2024-03-26,1.0
100080,2024-03-27,1.0
100080,2024-03-28,1.0
100080,2024-03-29,1.0
100080,2024-03-30,1.0
100080,2024-03-31,1.0
100080,2024-04-01,1.0
100080,2024-04-02,1.0
100080,2024-04-03,1.0
100080,2024-04-04,1.0
100080,2024-04-05,1.0
100080,2024-04-06,1.0
100080,2024-04-07,1.0
100080,2024-04-08,1.0
100080,2024-04-09,1.0
100081,2024-03-19,1.0
100081,2024-03-20,1.0
100081,2024-03-21,1.0
100081,2024-03-22,1.0
100081,2024-03-23,1.0
100081,2024-03-24,1.0
100081,2024-03-25,1.0
100081,2024-03-26,1.0
100081,2024-03-27,1.0
100081,2024-03-28,1.0
100081,2024-03-29,1.0
100081,2024-03-30,1.0
100081,2024-03-31,1.0
100081,2024-04-01,1.0
100081,2024-04-02,1.0
100081,2024-04-03,1.0
100081,2024-04-04,1.0
100081,2024-04-05,1.0
100081,2024-04-06,1.0
100081,2024-04-07,1.0
100081,2024-04-08,1.0
100081,2024-04-09,1.0
100081,2024-04-10,1.0
100081,2024-04-11,1.0
100081,2024-04-12,1.0
100081,2024-04-13,1.0
100081,2024-04-14,1.0
100081,2024-04-15,1.0
100081,2024-04-16,1.0
100081,2024-04-17,1.0
300006,2024-03-12,1.0
300006,2024-03-13,1.0
300006,2024-03-14,1.0
300006,2024-03-15,1.0
300006,2024-03-16,1.0
300006,2024-03-17,1.0
300006,2024-03-18,1.0
300006,2024-03-19,1.0
300006,2024-03-20,1.0
300006,2024-03-21,1.0
300006,2024-03-22,1.0
300006,2024-03-23,1.0
300006,2024-03-24,1.0
300006,2024-03-25,1.0
300006,2024-03-26,1.0
300006,2024-03-27,1.0
300006,2024-03-28,1.0
300006,2024-03-29,1.0
300006,2024-03-30,1.0
300006,2024-03-31,1.0
300006,2024-04-01,1.0
300006,2024-04-02,1.0
300006,2024-04-03,1.0
300006,2024-04-04,1.0
300006,2024-04-05,1.0
300006,2024-04-06,1.0
300006,2024-04-07,1.0
300006,2024-04-08,1.0
300006,2024-04-09,1.0
300006,2024-04-10,1.0
300007,2024-03-07,0.0
300007,2024-03-08,1.0
300007,2024-03-09,1.0
300007,2024-03-10,1.0
300007,2024-03-11,1.0
300007,2024-03-12,1.0
300007,2024-03-13,1.0
300007,2024-03-14,1.0
300007,2024-03-15,1.0
300007,2024-03-16,1.0
300007,2024-03-17,1.0
300007,2024-03-18,1.0
300007,2024-03-19,1.0
300007,2024-03-20,1.0
300007,2024-03-21,1.0
300007,2024-03-22,1.0
300007,2024-03-23,1.0
300007,2024-03-24,1.0
300007,2024-03-25,1.0
300007,2024-03-26,1.0
300007,2024-03-27,1.0
300007,2024-03-28,1.0
300007,2024-03-29,1.0
300007,2024-03-30,1.0
300007,2024-03-31,1.0
300007,2024-04-01,1.0
300007,2024-04-02,1.0
300007,2024-04-03,1.0
300007,2024-04-04,1.0
300007,2024-04-05,1.0
300008,2024-03-13,1.0
300008,2024-03-14,1.0
300008,2024-03-15,1.0
300008,2024-03-16,1.0
300008,2024-03-17,1.0
300008,2024-03-18,1.0
300008,2024-03-19,1.0
300008,2024-03-20,1.0
300008,2024-03-21,1.0
300008,2024-03-22,1.0
300008,2024-03-23,1.0
300008,2024-03-24,1.0
300008,2024-03-25,1.0
300008,2024-03-26,1.0
300008,2024-03-27,1.0
300008,2024-03-28,1.0
300008,2024-03-29,1.0
300008,2024-03-30,1.0
300008,2024-03-31,1.0
300008,2024-04-01,1.0
300008,2024-04-02,1.0
300008,2024-04-03,1.0
300008,2024-04-04,1.0
300008,2024-04-05,1.0
300008,2024-04-06,1.0
300008,2024-04-07,1.0
300008,2024-04-08,1.0
300008,2024-04-09,1.0
300008,2024-04-10,1.0
300008,2024-04-11,1.0
300009,2024-03-17,1.0
300009,2024-03-18,1.0
300009,2024-03-19,1.0
300009,2024-03-20,1.0
300009,2024-03-21,1.0
300009,2024-03-22,1.0
300009,2024-03-23,1.0
300009,2024-03-24,1.0
300009,2024-03-25,1.0
300009,2024-03-26,1.0
300009,2024-03-27,1.0
300009,2024-03-28,1.0
300009,2024-03-29,1.0
300009,2024-03-30,1.0
300009,2024-03-31,1.0
300009,2024-04-01,1.0
300009,2024-04-02,1.0
300009,2024-04-03,1.0
300009,2024-04-04,1.0
300009,2024-04-05,1.0
300009,2024-04-06,1.0
300009,2024-04-07,1.0
300009,2024-04-08,1.0
300009,2024-04-09,1.0
300009,2024-04-10,1.0
300009,2024-04-11,1.0
300009,2024-04-12,1.0
300009,2024-04-13,1.0
300009,2024-04-14,1.0
300009,2024-04-15,1.0
300010,2024-03-05,1.0
300010,2024-03-06,1.0
300010,2024-03-07,1.0
300010,2024-03-08,1.0
300010,2024-03-09,1.0
300010,2024-03-10,1.0
300010,2024-03-11,1.0
300010,2024-03-12,1.0
300010,2024-03-13,1.0
300010,2024-03-14,1.0
300010,2024-03-15,1.0
300010,2024-03-16,1.0
300010,2024-03-17,1.0
300010,2024-03-18,1.0
300010,2024-03-19,1.0
300010,2024-03-20,1.0
300010,2024-03-21,1.0
300010,2024-03-22,1.0
300010,2024-03-23,1.0
300010,2024-03-24,1.0
300010,2024-03-25,1.0
300010,2024-03-26,1.0
300010,2024-03-27,1.0
300010,2024-03-28,1.0
300010,2024-03-29,1.0
300010,2024-03-30,1.0
300010,2024-03-31,1.0
300010,2024-04-01,1.0
300010,2024-04-02,1.0
300010,2024-04-03,1.0
300011,2024-03-06,1.0
300011,2024-03-07,1.0
300011,2024-03-08,1.0
300011,2024-03-09,1.0
300011,2024-03-10,1.0
300011,2024-03-11,1.0
300011,2024-03-12,1.0
300011,2024-03-13,1.0
300011,2024-03-14,1.0
300011,2024-03-15,1.0
300011,2024-03-16,1.0
300011,2024-03-17,1.0
300011,2024-03-18,1.0
300011,2024-03-19,1.0
300011,2024-03-20,1.0
300011,2024-03-21,1.0
300011,2024-03-22,1.0
300011,2024-03-23,1.0
300011,2024-03-24,1.0
300011,2024-03-25,1.0
300011,2024-03-26,1.0
300011,2024-03-27,1.0
300011,2024-03-28,1.0
300011,2024-03-29,1.0
300011,2024-03-30,1.0
300011,2024-03-31,1.0
300011,2024-04-01,1.0
300011,2024-04-02,1.0
300011,2024-04-03,1.0
300011,2024-04-04,1.0
300012,2024-03-19,1.0
300012,2024-03-20,1.0
300012,2024-03-21,1.0
300012,2024-03-22,1.0
300012,2024-03-23,1.0
300012,2024-03-24,1.0
300012,2024-03-25,1.0
300012,2024-03-26,1.0
300012,2024-03-27,1.0
300012,2024-03-28,1.0
300012,2024-03-29,1.0
300012,2024-03-30,1.0
300012,2024-03-31,1.0
300012,2024-04-01,1.0
300012,2024-04-02,1.0
300012,2024-04-03,1.0
300012,2024-04-04,1.0
300012,2024-04-05,1.0
300012,2024-04-06,1.0
300012,2024-04-07,1.0
300012,2024-04-08,1.0
300012,2024-04-09,1.0
300012,2024-04-10,1.0
300012,2024-04-11,1.0
300012,2024-04-12,1.0
300012,2024-04-13,1.0
300012,2024-04-14,1.0
300012,2024-04-15,1.0
300012,2024-04-16,1.0
300012,2024-04-17,1.0
300013,2024-03-14,1.0
300013,2024-03-15,1.0
300013,2024-03-16,1.0
300013,2024-03-17,1.0
300013,2024-03-18,1.0
300013,2024-03-19,1.0
300013,2024-03-20,1.0
300013,2024-03-21,1.0
300013,2024-03-22,1.0
300013,2024-03-23,1.0
300013,2024-03-24,1.0
300013,2024-03-25,1.0
300013,2024-03-26,1.0
300013,2024-03-27,1.0
300013,2024-03-28,1.0
300013,2024-03-29,1.0
300013,2024-03-30,1.0
300013,2024-03-31,1.0
300013,2024-04-01,1.0
300013,2024-04-02,1.0
300013,2024-04-03,1.0
300013,2024-04-04,1.0
300013,2024-04-05,1.0
300013,2024-04-06,1.0
300013,2024-04-07,1.0
300013,2024-04-08,1.0
300013,2024-04-09,1.0
300013,2024-04-10,1.0
300013,2024-04-11,1.0
300013,2024-04-12,1.0
300014,2024-03-11,1.0
300014,2024-03-12,1.0
300014,2024-03-13,1.0
300014,2024-03-14,1.0
300014,2024-03-15,1.0
300014,2024-03-16,1.0
300014,2024-03-17,1.0
300014,2024-03-18,1.0
300014,2024-03-19,1.0
300014,2024-03-20,1.0
300014,2024-03-21,1.0
300014,2024-03-22,1.0
300014,2024-03-23,1.0
300014,2024-03-24,1.0
300014,2024-03-25,1.0
300014,2024-03-26,1.0
300014,2024-03-27,1.0
300014,2024-03-28,1.0
300014,2024-03-29,1.0
300014,2024-03-30,1.0
300014,2024-03-31,1.0
300014,2024-04-01,1.0
300014,2024-04-02,1.0
300014,2024-04-03,1.0
300014,2024-04-04,1.0
300014,2024-04-05,1.0
300014,2024-04-06,1.0
300014,2024-04-07,1.0
300014,2024-04-08,1.0
300014,2024-04-09,1.0
300015,2024-03-19,1.0
300015,2024-03-20,1.0
300015,2024-03-21,1.0
300015,2024-03-22,1.0
300015,2024-03-23,1.0
300015,2024-03-24,1.0
300015,2024-03-25,1.0
300015,2024-03-26,1.0
300015,2024-03-27,1.0
300015,2024-03-28,1.0
300015,2024-03-29,1.0
300015,2024-03-30,1.0
300015,2024-03-31,1.0
300015,2024-04-01,1.0
300015,2024-04-02,1.0
300015,2024-04-03,1.0
300015,2024-04-04,1.0
300015,2024-04-05,1.0
300015,2024-04-06,1.0
300015,2024-04-07,1.0
300015,2024-04-08,1.0
300015,2024-04-09,1.0
300015,2024-04-10,1.0
300015,2024-04-11,1.0
300015,2024-04-12,1.0
300015,2024-04-13,1.0
300015,2024-04-14,1.0
300015,2024-04-15,1.0
300015,2024-04-16,1.0
300015,2024-04-17,1.0
300016,2024-03-20,1.0
300016,2024-03-21,1.0
300016,2024-03-22,1.0
300016,2024-03-23,1.0
300016,2024-03-24,1.0
300016,2024-03-25,1.0
300016,2024-03-26,1.0
300016,2024-03-27,1.0
300016,2024-03-28,1.0
300016,2024-03-29,1.0
300016,2024-03-30,1.0
300016,2024-03-31,1.0
300016,2024-04-01,1.0
300016,2024-04-02,1.0
300016,2024-04-03,1.0
300016,2024-04-04,1.0
300016,2024-04-05,1.0
300016,2024-04-06,1.0
300016,2024-04-07,1.0
300016,2024-04-08,1.0
300016,2024-04-09,1.0
300016,2024-04-10,1.0
300016,2024-04-11,1.0
300016,2024-04-12,1.0
300016,2024-04-13,1.0
300016,2024-04-14,1.0
300016,2024-04-15,1.0
300016,2024-04-16,1.0
300016,2024-04-17,1.0
300016,2024-04-18,1.0
300017,2024-03-19,1.0
300017,2024-03-20,1.0
300017,2024-03-21,1.0
300017,2024-03-22,1.0
300017,2024-03-23,1.0
300017,2024-03-24,1.0
300017,2024-03-25,1.0
300017,2024-03-26,1.0
300017,2024-03-27,1.0
300017,2024-03-28,1.0
300017,2024-03-29,1.0
300017,2024-03-30,1.0
300017,2024-03-31,1.0
300017,2024-04-01,1.0
300017,2024-04-02,1.0
300017,2024-04-03,1.0
300017,2024-04-04,1.0
300017,2024-04-05,1.0
300017,2024-04-06,1.0
300017,2024-04-07,1.0
300017,2024-04-08,1.0
300017,2024-04-09,1.0
300017,2024-04-10,1.0
300017,2024-04-11,1.0
300017,2024-04-12,1.0
300017,2024-04-13,1.0
300017,2024-04-14,1.0
300017,2024-04-15,1.0
300017,2024-04-16,1.0
300017,2024-04-17,1.0
300018,2024-03-07,1.0
300018,2024-03-08,1.0
300018,2024-03-09,1.0
300018,2024-03-10,1.0
300018,2024-03-11,1.0
300018,2024-03-12,1.0
300018,2024-03-13,1.0
300018,2024-03-14,1.0
300018,2024-03-15,1.0
300018,2024-03-16,1.0
300018,2024-03-17,1.0
300018,2024-03-18,1.0
300018,2024-03-19,1.0
300018,2024-03-20,1.0
300018,2024-03-21,1.0
300018,2024-03-22,1.0
300018,2024-03-23,1.0
300018,2024-03-24,1.0
300018,2024-03-25,1.0
300018,2024-03-26,1.0
300018,2024-03-27,1.0
300018,2024-03-28,1.0
300018,2024-03-29,1.0
300018,2024-03-30,1.0
300018,2024-03-31,1.0
300018,2024-04-01,1.0
300018,2024-04-02,1.0
300018,2024-04-03,1.0
300018,2024-04-04,1.0
300018,2024-04-05,1.0
300019,2024-03-20,1.0
300019,2024-03-21,1.0
300019,2024-03-22,1.0
300019,2024-03-23,1.0
300019,2024-03-24,1.0
300019,2024-03-25,1.0
300019,2024-03-26,1.0
300019,2024-03-27,1.0
300019,2024-03-28,1.0
300019,2024-03-29,1.0
300019,2024-03-30,1.0
300019,2024-03-31,1.0
300019,2024-04-01,1.0
300019,2024-04-02,1.0
300019,2024-04-03,1.0
300019,2024-04-04,1.0
300019,2024-04-05,1.0
300019,2024-04-06,1.0
300019,2024-04-07,1.0
300019,2024-04-08,1.0
300019,2024-04-09,1.0
300019,2024-04-10,1.0
300019,2024-04-11,1.0
300019,2024-04-12,1.0
300019,2024-04-13,1.0
300019,2024-04-14,1.0
300019,2024-04-15,1.0
300019,2024-04-16,1.0
300019,2024-04-17,1.0
300019,2024-04-18,1.0
300020,2024-03-10,1.0
300020,2024-03-11,1.0
300020,2024-03-12,1.0
300020,2024-03-13,1.0
300020,2024-03-14,1.0
300020,2024-03-15,1.0
300020,2024-03-16,1.0
300020,2024-03-17,1.0
300020,2024-03-18,1.0
300020,2024-03-19,1.0
300020,2024-03-20,1.0
300020,2024-03-21,1.0
300020,2024-03-22,1.0
300020,2024-03-23,1.0
300020,2024-03-24,1.0
300020,2024-03-25,1.0
300020,2024-03-26,1.0
300020,2024-03-27,1.0
300020,2024-03-28,1.0
300020,2024-03-29,1.0
300020,2024-03-30,1.0
300020,2024-03-31,1.0
300020,2024-04-01,1.0
300020,2024-04-02,1.0
300020,2024-04-03,1.0
300020,2024-04-04,1.0
300020,2024-04-05,1.0
300020,2024-04-06,1.0
300020,2024-04-07,1.0
300020,2024-04-08,1.0
300021,2024-03-17,1.0
300021,2024-03-18,1.0
300021,2024-03-19,1.0
300021,2024-03-20,1.0
300021,2024-03-21,1.0
300021,2024-03-22,1.0
300021,2024-03-23,1.0
300021,2024-03-24,1.0
300021,2024-03-25,1.0
300021,2024-03-26,1.0
300021,2024-03-27,1.0
300021,2024-03-28,1.0
300021,2024-03-29,1.0
300021,2024-03-30,1.0
300021,2024-03-31,1.0
300021,2024-04-01,1.0
300021,2024-04-02,1.0
300021,2024-04-03,1.0
300021,2024-04-04,1.0
300021,2024-04-05,1.0
300021,2024-04-06,1.0
300021,2024-04-07,1.0
300021,2024-04-08,1.0
300021,2024-04-09,1.0
300021,2024-04-10,1.0
300021,2024-04-11,1.0
300021,2024-04-12,1.0
300021,2024-04-13,1.0
300021,2024-04-14,1.0
300021,2024-04-15,1.0
300022,2024-03-16,1.0
300022,2024-03-17,1.0
300022,2024-03-18,1.0
300022,2024-03-19,1.0
300022,2024-03-20,1.0
300022,2024-03-21,1.0
300022,2024-03-22,1.0
300022,2024-03-23,1.0
300022,2024-03-24,1.0
300022,2024-03-25,1.0
300022,2024-03-26,1.0
300022,2024-03-27,1.0
300022,2024-03-28,1.0
300022,2024-03-29,1.0
300022,2024-03-30,1.0
300022,2024-03-31,1.0
300022,2024-04-01,1.0
300022,2024-04-02,1.0
300022,2024-04-03,1.0
300022,2024-04-04,1.0
300022,2024-04-05,1.0
300022,2024-04-06,1.0
300022,2024-04-07,1.0
300022,2024-04-08,1.0
300022,2024-04-09,1.0
300022,2024-04-10,1.0
300022,2024-04-11,1.0
300022,2024-04-12,1.0
300022,2024-04-13,1.0
300022,2024-04-14,1.0
300023,2024-03-10,1.0
300023,2024-03-11,1.0
300023,2024-03-12,1.0
300023,2024-03-13,1.0
300023,2024-03-14,1.0
300023,2024-03-15,1.0
300023,2024-03-16,1.0
300023,2024-03-17,1.0
300023,2024-03-18,1.0
300023,2024-03-19,1.0
300023,2024-03-20,1.0
300023,2024-03-21,1.0
300023,2024-03-22,1.0
300023,2024-03-23,1.0
300023,2024-03-24,1.0
300023,2024-03-25,1.0
300023,2024-03-26,1.0
300023,2024-03-27,1.0
300023,2024-03-28,1.0
300023,2024-03-29,1.0
300023,2024-03-30,1.0
300023,2024-03-31,1.0
300023,2024-04-01,1.0
300023,2024-04-02,1.0
300023,2024-04-03,1.0
300023,2024-04-04,1.0
300023,2024-04-05,1.0
300023,2024-04-06,1.0
300023,2024-04-07,1.0
300023,2024-04-08,1.0
300024,2024-03-14,1.0
300024,2024-03-15,1.0
300024,2024-03-16,1.0
300024,2024-03-17,1.0
300024,2024-03-18,1.0
300024,2024-03-19,1.0
300024,2024-03-20,1.0
300024,2024-03-21,1.0
300024,2024-03-22,1.0
300024,2024-03-23,1.0
300024,2024-03-24,1.0
300024,2024-03-25,1.0
300024,2024-03-26,1.0
300024,2024-03-27,1.0
300024,2024-03-28,1.0
300024,2024-03-29,1.0
300024,2024-03-30,1.0
300024,2024-03-31,1.0
300024,2024-04-01,1.0
300024,2024-04-02,1.0
300024,2024-04-03,1.0
300024,2024-04-04,1.0
300024,2024-04-05,1.0
300024,2024-04-06,1.0
300024,2024-04-07,1.0
300024,2024-04-08,1.0
300024,2024-04-09,1.0
300024,2024-04-10,1.0
300024,2024-04-11,1.0
300024,2024-04-12,1.0
300025,2024-03-13,1.0
300025,2024-03-14,1.0
300025,2024-03-15,1.0
300025,2024-03-16,1.0
300025,2024-03-17,1.0
300025,2024-03-18,1.0
300025,2024-03-19,1.0
300025,2024-03-20,1.0
300025,2024-03-21,1.0
300025,2024-03-22,1.0
300025,2024-03-23,1.0
300025,2024-03-24,1.0
300025,2024-03-25,1.0
300025,2024-03-26,1.0
300025,2024-03-27,1.0
300025,2024-03-28,1.0
300025,2024-03-29,1.0
300025,2024-03-30,1.0
300025,2024-03-31,1.0
300025,2024-04-01,1.0
300025,2024-04-02,1.0
300025,2024-04-03,1.0
300025,2024-04-04,1.0
300025,2024-04-05,1.0
300025,2024-04-06,1.0
300025,2024-04-07,1.0
300025,2024-04-08,1.0
300025,2024-04-09,1.0
300025,2024-04-10,1.0
300025,2024-04-11,1.0
300026,2024-03-13,1.0
300026,2024-03-14,1.0
300026,2024-03-15,1.0
300026,2024-03-16,1.0
300026,2024-03-17,1.0
300026,2024-03-18,1.0
300026,2024-03-19,1.0
300026,2024-03-20,1.0
300026,2024-03-21,1.0
300026,2024-03-22,1.0
300026,2024-03-23,1.0
300026,2024-03-24,1.0
300026,2024-03-25,1.0
300026,2024-03-26,1.0
300026,2024-03-27,1.0
300026,2024-03-28,1.0
300026,2024-03-29,1.0
300026,2024-03-30,1.0
300026,2024-03-31,1.0
300026,2024-04-01,1.0
300026,2024-04-02,1.0
300026,2024-04-03,1.0
300026,2024-04-04,1.0
300026,2024-04-05,1.0
300026,2024-04-06,1.0
300026,2024-04-07,1.0
300026,2024-04-08,1.0
300026,2024-04-09,1.0
300026,2024-04-10,1.0
300026,2024-04-11,1.0
300027,2024-03-20,1.0
300027,2024-03-21,1.0
300027,2024-03-22,1.0
300027,2024-03-23,1.0
300027,2024-03-24,1.0
300027,2024-03-25,1.0
300027,2024-03-26,1.0
300027,2024-03-27,1.0
300027,2024-03-28,1.0
300027,2024-03-29,1.0
300027,2024-03-30,1.0
300027,2024-03-31,1.0
300027,2024-04-01,1.0
300027,2024-04-02,1.0
300027,2024-04-03,1.0
300027,2024-04-04,1.0
300027,2024-04-05,1.0
300027,2024-04-06,1.0
300027,2024-04-07,1.0
300027,2024-04-08,1.0
300027,2024-04-09,1.0
300027,2024-04-10,1.0
300027,2024-04-11,1.0
300027,2024-04-12,1.0
300027,2024-04-13,1.0
300027,2024-04-14,1.0
300027,2024-04-15,1.0
300027,2024-04-16,1.0
300027,2024-04-17,1.0
300027,2024-04-18,1.0
300028,2024-03-03,1.0
300028,2024-03-04,1.0
300028,2024-03-05,1.0
300028,2024-03-06,1.0
300028,2024-03-07,1.0
300028,2024-03-08,1.0
300028,2024-03-09,1.0
300028,2024-03-10,1.0
300028,2024-03-11,1.0
300028,2024-03-12,1.0
300028,2024-03-13,1.0
300028,2024-03-14,1.0
300028,2024-03-15,1.0
300028,2024-03-16,1.0
300028,2024-03-17,1.0
300028,2024-03-18,1.0
300028,2024-03-19,1.0
300028,2024-03-20,1.0
300028,2024-03-21,1.0
300028,2024-03-22,1.0
300028,2024-03-23,1.0
300028,2024-03-24,1.0
300028,2024-03-25,1.0
300028,2024-03-26,1.0
300028,2024-03-27,1.0
300028,2024-03-28,1.0
300028,2024-03-29,1.0
300028,2024-03-30,1.0
300028,2024-03-31,1.0
300028,2024-04-01,1.0
300029,2024-03-04,0.0
300029,2024-03-05,1.0
300029,2024-03-06,1.0
300029,2024-03-07,1.0
300029,2024-03-08,1.0
300029,2024-03-09,1.0
300029,2024-03-10,1.0
300029,2024-03-11,1.0
300029,2024-03-12,1.0
300029,2024-03-13,1.0
300029,2024-03-14,1.0
300029,2024-03-15,1.0
300029,2024-03-16,1.0
300029,2024-03-17,1.0
300029,2024-03-18,1.0
300029,2024-03-19,1.0
300029,2024-03-20,1.0
300029,2024-03-21,1.0
300029,2024-03-22,1.0
300029,2024-03-23,1.0
300029,2024-03-24,1.0
300029,2024-03-25,1.0
300029,2024-03-26,1.0
300029,2024-03-27,1.0
300029,2024-03-28,1.0
300029,2024-03-29,1.0
300029,2024-03-30,1.0
300029,2024-03-31,1.0
300029,2024-04-01,1.0
300029,2024-04-02,1.0
300030,2024-03-07,1.0
300030,2024-03-08,1.0
300030,2024-03-09,1.0
300030,2024-03-10,1.0
300030,2024-03-11,1.0
300030,2024-03-12,1.0
300030,2024-03-13,1.0
300030,2024-03-14,1.0
300030,2024-03-15,1.0
300030,2024-03-16,1.0
300030,2024-03-17,1.0
300030,2024-03-18,1.0
300030,2024-03-19,1.0
300030,2024-03-20,1.0
300030,2024-03-21,1.0
300030,2024-03-22,1.0
300030,2024-03-23,1.0
300030,2024-03-24,1.0
300030,2024-03-25,1.0
300030,2024-03-26,1.0
300030,2024-03-27,1.0
300030,2024-03-28,1.0
300030,2024-03-29,1.0
300030,2024-03-30,1.0
300030,2024-03-31,1.0
300030,2024-04-01,1.0
300030,2024-04-02,1.0
300030,2024-04-03,1.0
300030,2024-04-04,1.0
300030,2024-04-05,1.0
300031,2024-03-12,1.0
300031,2024-03-13,1.0
300031,2024-03-14,1.0
300031,2024-03-15,1.0
300031,2024-03-16,1.0
300031,2024-03-17,1.0
300031,2024-03-18,1.0
300031,2024-03-19,1.0
300031,2024-03-20,1.0
300031,2024-03-21,1.0
300031,2024-03-22,1.0
300031,2024-03-23,1.0
300031,2024-03-24,1.0
300031,2024-03-25,1.0
300031,2024-03-26,1.0
300031,2024-03-27,1.0
300031,2024-03-28,1.0
300031,2024-03-29,1.0
300031,2024-03-30,1.0
300031,2024-03-31,1.0
300031,2024-04-01,1.0
300031,2024-04-02,1.0
300031,2024-04-03,1.0
300031,2024-04-04,1.0
300031,2024-04-05,1.0
300031,2024-04-06,1.0
300031,2024-04-07,1.0
300031,2024-04-08,1.0
300031,2024-04-09,1.0
300031,2024-04-10,1.0
300032,2024-03-20,1.0
300032,2024-03-21,1.0
300032,2024-03-22,1.0
300032,2024-03-23,1.0
300032,2024-03-24,1.0
300032,2024-03-25,1.0
300032,2024-03-26,1.0
300032,2024-03-27,1.0
300032,2024-03-28,1.0
300032,2024-03-29,1.0
300032,2024-03-30,1.0
300032,2024-03-31,1.0
300032,2024-04-01,1.0
300032,2024-04-02,1.0
300032,2024-04-03,1.0
300032,2024-04-04,1.0
300032,2024-04-05,1.0
300032,2024-04-06,1.0
300032,2024-04-07,1.0
300032,2024-04-08,1.0
300032,2024-04-09,1.0
300032,2024-04-10,1.0
300032,2024-04-11,1.0
300032,2024-04-12,1.0
300032,2024-04-13,1.0
300032,2024-04-14,1.0
300032,2024-04-15,1.0
300032,2024-04-16,1.0
300032,2024-04-17,1.0
300032,2024-04-18,1.0
300033,2024-03-18,1.0
300033,2024-03-19,1.0
300033,2024-03-20,1.0
300033,2024-03-21,1.0
300033,2024-03-22,1.0
300033,2024-03-23,1.0
300033,2024-03-24,1.0
300033,2024-03-25,1.0
300033,2024-03-26,1.0
300033,2024-03-27,1.0
300033,2024-03-28,1.0
300033,2024-03-29,1.0
300033,2024-03-30,1.0
300033,2024-03-31,1.0
300033,2024-04-01,1.0
300033,2024-04-02,1.0
300033,2024-04-03,1.0
300033,2024-04-04,1.0
300033,2024-04-05,1.0
300033,2024-04-06,1.0
300033,2024-04-07,1.0
300033,2024-04-08,1.0
300033,2024-04-09,1.0
300033,2024-04-10,1.0
300033,2024-04-11,1.0
300033,2024-04-12,1.0
300033,2024-04-13,1.0
300033,2024-04-14,1.0
300033,2024-04-15,1.0
300033,2024-04-16,1.0
300034,2024-03-18,1.0
300034,2024-03-19,1.0
300034,2024-03-20,1.0
300034,2024-03-21,1.0
300034,2024-03-22,1.0
300034,2024-03-23,1.0
300034,2024-03-24,1.0
300034,2024-03-25,1.0
300034,2024-03-26,1.0
300034,2024-03-27,1.0
300034,2024-03-28,1.0
300034,2024-03-29,1.0
300034,2024-03-30,1.0
300034,2024-03-31,1.0
300034,2024-04-01,1.0
300034,2024-04-02,1.0
300034,2024-04-03,1.0
300034,2024-04-04,1.0
300034,2024-04-05,1.0
300034,2024-04-06,1.0
300034,2024-04-07,1.0
300034,2024-04-08,1.0
300034,2024-04-09,1.0
300034,2024-04-10,1.0
300034,2024-04-11,1.0
300034,2024-04-12,1.0
300034,2024-04-13,1.0
300034,2024-04-14,1.0
300034,2024-04-15,1.0
300034,2024-04-16,1.0
300035,2024-03-12,1.0
300035,2024-03-13,1.0
300035,2024-03-14,1.0
300035,2024-03-15,1.0
300035,2024-03-16,1.0
300035,2024-03-17,1.0
300035,2024-03-18,1.0
300035,2024-03-19,1.0
300035,2024-03-20,1.0
300035,2024-03-21,1.0
300035,2024-03-22,1.0
300035,2024-03-23,1.0
300035,2024-03-24,1.0
300035,2024-03-25,1.0
300035,2024-03-26,1.0
300035,2024-03-27,1.0
300035,2024-03-28,1.0
300035,2024-03-29,1.0
300035,2024-03-30,1.0
300035,2024-03-31,1.0
300035,2024-04-01,1.0
300035,2024-04-02,1.0
300035,2024-04-03,1.0
300035,2024-04-04,1.0
300035,2024-04-05,1.0
300035,2024-04-06,1.0
300035,2024-04-07,1.0
300035,2024-04-08,1.0
300035,2024-04-09,1.0
300035,2024-04-10,1.0
300036,2024-03-07,1.0
300036,2024-03-08,1.0
300036,2024-03-09,1.0
300036,2024-03-10,1.0
300036,2024-03-11,1.0
300036,2024-03-12,1.0
300036,2024-03-13,1.0
300036,2024-03-14,1.0
300036,2024-03-15,1.0
300036,2024-03-16,1.0
300036,2024-03-17,1.0
300036,2024-03-18,1.0
300036,2024-03-19,1.0
300036,2024-03-20,1.0
300036,2024-03-21,1.0
300036,2024-03-22,1.0
300036,2024-03-23,1.0
300036,2024-03-24,1.0
300036,2024-03-25,1.0
300036,2024-03-26,1.0
300036,2024-03-27,1.0
300036,2024-03-28,1.0
300036,2024-03-29,1.0
300036,2024-03-30,1.0
300036,2024-03-31,1.0
300036,2024-04-01,1.0
300036,2024-04-02,1.0
300036,2024-04-03,1.0
300036,2024-04-04,1.0
300036,2024-04-05,1.0
300037,2024-03-05,1.0
300037,2024-03-06,1.0
300037,2024-03-07,1.0
300037,2024-03-08,1.0
300037,2024-03-09,1.0
300037,2024-03-10,1.0
300037,2024-03-11,1.0
300037,2024-03-12,1.0
300037,2024-03-13,1.0
300037,2024-03-14,1.0
300037,2024-03-15,1.0
300037,2024-03-16,1.0
300037,2024-03-17,1.0
300037,2024-03-18,1.0
300037,2024-03-19,1.0
300037,2024-03-20,1.0
300037,2024-03-21,1.0
300037,2024-03-22,1.0
300037,2024-03-23,1.0
300037,2024-03-24,1.0
300037,2024-03-25,1.0
300037,2024-03-26,1.0
300037,2024-03-27,1.0
300037,2024-03-28,1.0
300037,2024-03-29,1.0
300037,2024-03-30,1.0
300037,2024-03-31,1.0
300037,2024-04-01,1.0
300037,2024-04-02,1.0
300037,2024-04-03,1.0
300038,2024-03-11,1.0
300038,2024-03-12,1.0
300038,2024-03-13,1.0
300038,2024-03-14,1.0
300038,2024-03-15,1.0
300038,2024-03-16,1.0
300038,2024-03-17,1.0
300038,2024-03-18,1.0
300038,2024-03-19,1.0
300038,2024-03-20,1.0
300038,2024-03-21,1.0
300038,2024-03-22,1.0
300038,2024-03-23,1.0
300038,2024-03-24,1.0
300038,2024-03-25,1.0
300038,2024-03-26,1.0
300038,2024-03-27,1.0
300038,2024-03-28,1.0
300038,2024-03-29,1.0
300038,2024-03-30,1.0
300038,2024-03-31,1.0
300038,2024-04-01,1.0
300038,2024-04-02,1.0
300038,2024-04-03,1.0
300038,2024-04-04,1.0
300038,2024-04-05,1.0
300038,2024-04-06,1.0
300038,2024-04-07,1.0
300038,2024-04-08,1.0
300038,2024-04-09,1.0
300039,2024-03-03,1.0
300039,2024-03-04,1.0
300039,2024-03-05,1.0
300039,2024-03-06,1.0
300039,2024-03-07,1.0
300039,2024-03-08,1.0
300039,2024-03-09,1.0
300039,2024-03-10,1.0
300039,2024-03-11,1.0
300039,2024-03-12,1.0
300039,2024-03-13,1.0
300039,2024-03-14,1.0
300039,2024-03-15,1.0
300039,2024-03-16,1.0
300039,2024-03-17,1.0
300039,2024-03-18,1.0
300039,2024-03-19,1.0
300039,2024-03-20,1.0
300039,2024-03-21,1.0
300039,2024-03-22,1.0
300039,2024-03-23,1.0
300039,2024-03-24,1.0
300039,2024-03-25,1.0
300039,2024-03-26,1.0
300039,2024-03-27,1.0
300039,2024-03-28,1.0
300039,2024-03-29,1.0
300039,2024-03-30,1.0
300039,2024-03-31,1.0
300039,2024-04-01,1.0
600053,2024-03-11,1.0
600053,2024-03-12,1.0
600053,2024-03-13,1.0
600053,2024-03-14,1.0
600053,2024-03-15,1.0
600053,2024-03-16,1.0
600053,2024-03-17,1.0
600053,2024-03-18,1.0
600053,2024-03-19,1.0
600053,2024-03-20,1.0
600053,2024-03-21,1.0
600053,2024-03-22,1.0
600053,2024-03-23,1.0
600053,2024-03-24,1.0
600053,2024-03-25,1.0
600053,2024-03-26,1.0
600053,2024-03-27,1.0
600053,2024-03-28,1.0
600053,2024-03-29,1.0
600053,2024-03-30,1.0
600053,2024-03-31,1.0
600053,2024-04-01,1.0
600053,2024-04-02,1.0
600053,2024-04-03,1.0
600053,2024-04-04,1.0
600053,2024-04-05,1.0
600053,2024-04-06,1.0
600053,2024-04-07,1.0
600053,2024-04-08,1.0
600053,2024-04-09,1.0
600054,2024-03-18,1.0
600054,2024-03-19,1.0
600054,2024-03-20,1.0
600054,2024-03-21,1.0
600054,2024-03-22,1.0
600054,2024-03-23,1.0
600054,2024-03-24,1.0
600054,2024-03-25,1.0
600054,2024-03-26,1.0
600054,2024-03-27,1.0
600054,2024-03-28,1.0
600054,2024-03-29,1.0
600054,2024-03-30,1.0
600054,2024-03-31,1.0
600054,2024-04-01,1.0
600054,2024-04-02,1.0
600054,2024-04-03,1.0
600054,2024-04-04,1.0
600054,2024-04-05,1.0
600054,2024-04-06,1.0
600054,2024-04-07,1.0
600054,2024-04-08,1.0
600054,2024-04-09,1.0
600054,2024-04-10,1.0
600054,2024-04-11,1.0
600054,2024-04-12,1.0
600054,2024-04-13,1.0
600054,2024-04-14,1.0
600054,2024-04-15,1.0
600054,2024-04-16,1.0
600055,2024-03-12,1.0
600055,2024-03-13,1.0
600055,2024-03-14,1.0
600055,2024-03-15,1.0
600055,2024-03-16,1.0
600055,2024-03-17,1.0
600055,2024-03-18,1.0
600055,2024-03-19,1.0
600055,2024-03-20,1.0
600055,2024-03-21,1.0
600055,2024-03-22,1.0
600055,2024-03-23,1.0
600055,2024-03-24,1.0
600055,2024-03-25,1.0
600055,2024-03-26,1.0
600055,2024-03-27,1.0
600055,2024-03-28,1.0
600055,2024-03-29,1.0
600055,2024-03-30,1.0
600055,2024-03-31,1.0
600055,2024-04-01,1.0
600055,2024-04-02,1.0
600055,2024-04-03,1.0
600055,2024-04-04,1.0
600055,2024-04-05,1.0
600055,2024-04-06,1.0
600055,2024-04-07,1.0
600055,2024-04-08,1.0
600055,2024-04-09,1.0
600055,2024-04-10,1.0
600056,2024-03-06,1.0
600056,2024-03-07,1.0
600056,2024-03-08,1.0
600056,2024-03-09,1.0
600056,2024-03-10,1.0
600056,2024-03-11,1.0
600056,2024-03-12,1.0
600056,2024-03-13,1.0
600056,2024-03-14,1.0
600056,2024-03-15,1.0
600056,2024-03-16,1.0
600056,2024-03-17,1.0
600056,2024-03-18,1.0
600056,2024-03-19,1.0
600056,2024-03-20,1.0
600056,2024-03-21,1.0
600056,2024-03-22,1.0
600056,2024-03-23,1.0
600056,2024-03-24,1.0
600056,2024-03-25,1.0
600056,2024-03-26,1.0
600056,2024-03-27,1.0
600056,2024-03-28,1.0
600056,2024-03-29,1.0
600056,2024-03-30,1.0
600056,2024-03-31,1.0
600056,2024-04-01,1.0
600056,2024-04-02,1.0
600056,2024-04-03,1.0
600056,2024-04-04,1.0
600057,2024-03-04,1.0
600057,2024-03-05,1.0
600057,2024-03-06,1.0
600057,2024-03-07,1.0
600057,2024-03-08,1.0
600057,2024-03-09,1.0
600057,2024-03-10,1.0
600057,2024-03-11,1.0
600057,2024-03-12,1.0
600057,2024-03-13,1.0
600057,2024-03-14,1.0
600057,2024-03-15,1.0
600057,2024-03-16,1.0
600057,2024-03-17,1.0
600057,2024-03-18,1.0
600057,2024-03-19,1.0
600057,2024-03-20,1.0
600057,2024-03-21,1.0
600057,2024-03-22,1.0
600057,2024-03-23,1.0
600057,2024-03-24,1.0
600057,2024-03-25,1.0
600057,2024-03-26,1.0
600057,2024-03-27,1.0
600057,2024-03-28,1.0
600057,2024-03-29,1.0
600057,2024-03-30,1.0
600057,2024-03-31,1.0
600057,2024-04-01,1.0
600057,2024-04-02,1.0
600058,2024-03-05,1.0
600058,2024-03-06,1.0
600058,2024-03-07,1.0
600058,2024-03-08,1.0
600058,2024-03-09,1.0
600058,2024-03-10,1.0
600058,2024-03-11,1.0
600058,2024-03-12,1.0
600058,2024-03-13,1.0
600058,2024-03-14,1.0
600058,2024-03-15,1.0
600058,2024-03-16,1.0
600058,2024-03-17,1.0
600058,2024-03-18,1.0
600058,2024-03-19,1.0
600058,2024-03-20,1.0
600058,2024-03-21,1.0
600058,2024-03-22,1.0
600058,2024-03-23,1.0
600058,2024-03-24,1.0
600058,2024-03-25,1.0
600058,2024-03-26,1.0
600058,2024-03-27,1.0
600058,2024-03-28,1.0
600058,2024-03-29,1.0
600058,2024-03-30,1.0
600058,2024-03-31,1.0
600058,2024-04-01,1.0
600058,2024-04-02,1.0
600058,2024-04-03,1.0
600059,2024-03-16,1.0
600059,2024-03-17,1.0
600059,2024-03-18,1.0
600059,2024-03-19,1.0
600059,2024-03-20,1.0
600059,2024-03-21,1.0
600059,2024-03-22,1.0
600059,2024-03-23,1.0
600059,2024-03-24,1.0
600059,2024-03-25,1.0
600059,2024-03-26,1.0
600059,2024-03-27,1.0
600059,2024-03-28,1.0
600059,2024-03-29,1.0
600059,2024-03-30,1.0
600059,2024-03-31,1.0
600059,2024-04-01,1.0
600059,2024-04-02,1.0
600059,2024-04-03,1.0
600059,2024-04-04,1.0
600059,2024-04-05,1.0
600059,2024-04-06,1.0
600059,2024-04-07,1.0
600059,2024-04-08,1.0
600059,2024-04-09,1.0
600059,2024-04-10,1.0
600059,2024-04-11,1.0
600059,2024-04-12,1.0
600059,2024-04-13,1.0
600059,2024-04-14,1.0
600060,2024-03-18,1.0
600060,2024-03-19,1.0
600060,2024-03-20,1.0
600060,2024-03-21,1.0
600060,2024-03-22,1.0
600060,2024-03-23,1.0
600060,2024-03-24,1.0
600060,2024-03-25,1.0
600060,2024-03-26,1.0
600060,2024-03-27,1.0
600060,2024-03-28,1.0
600060,2024-03-29,1.0
600060,2024-03-30,1.0
600060,2024-03-31,1.0
600060,2024-04-01,1.0
600060,2024-04-02,1.0
600060,2024-04-03,1.0
600060,2024-04-04,1.0
600060,2024-04-05,1.0
600060,2024-04-06,1.0
600060,2024-04-07,1.0
600060,2024-04-08,1.0
600060,2024-04-09,1.0
600060,2024-04-10,1.0
600060,2024-04-11,1.0
600060,2024-04-12,1.0
600060,2024-04-13,1.0
600060,2024-04-14,1.0
600060,2024-04-15,1.0
600060,2024-04-16,1.0
600061,2024-03-12,1.0
600061,2024-03-13,1.0
600061,2024-03-14,1.0
600061,2024-03-15,1.0
600061,2024-03-16,1.0
600061,2024-03-17,1.0
600061,2024-03-18,1.0
600061,2024-03-19,1.0
600061,2024-03-20,1.0
600061,2024-03-21,1.0
600061,2024-03-22,1.0
600061,2024-03-23,1.0
600061,2024-03-24,1.0
600061,2024-03-25,1.0
600061,2024-03-26,1.0
600061,2024-03-27,1.0
600061,2024-03-28,1.0
600061,2024-03-29,1.0
600061,2024-03-30,1.0
600061,2024-03-31,1.0
600061,2024-04-01,1.0
600061,2024-04-02,1.0
600061,2024-04-03,1.0
600061,2024-04-04,1.0
600061,2024-04-05,1.0
600061,2024-04-06,1.0
600061,2024-04-07,1.0
600061,2024-04-08,1.0
600061,2024-04-09,1.0
600061,2024-04-10,1.0
600062,2024-03-11,1.0
600062,2024-03-12,1.0
600062,2024-03-13,1.0
600062,2024-03-14,1.0
600062,2024-03-15,1.0
600062,2024-03-16,1.0
600062,2024-03-17,1.0
600062,2024-03-18,1.0
600062,2024-03-19,1.0
600062,2024-03-20,1.0
600062,2024-03-21,1.0
600062,2024-03-22,1.0
600062,2024-03-23,1.0
600062,2024-03-24,1.0
600062,2024-03-25,1.0
600062,2024-03-26,1.0
600062,2024-03-27,1.0
600062,2024-03-28,1.0
600062,2024-03-29,1.0
600062,2024-03-30,1.0
600062,2024-03-31,1.0
600062,2024-04-01,1.0
600062,2024-04-02,1.0
600062,2024-04-03,1.0
600062,2024-04-04,1.0
600062,2024-04-05,1.0
600062,2024-04-06,1.0
600062,2024-04-07,1.0
600062,2024-04-08,1.0
600062,2024-04-09,1.0
600063,2024-03-06,1.0
600063,2024-03-07,1.0
600063,2024-03-08,1.0
600063,2024-03-09,1.0
600063,2024-03-10,1.0
600063,2024-03-11,1.0
600063,2024-03-12,1.0
600063,2024-03-13,1.0
600063,2024-03-14,1.0
600063,2024-03-15,1.0
600063,2024-03-16,1.0
600063,2024-03-17,1.0
600063,2024-03-18,1.0
600063,2024-03-19,1.0
600063,2024-03-20,1.0
600063,2024-03-21,1.0
600063,2024-03-22,1.0
600063,2024-03-23,1.0
600063,2024-03-24,1.0
600063,2024-03-25,1.0
600063,2024-03-26,1.0
600063,2024-03-27,1.0
600063,2024-03-28,1.0
600063,2024-03-29,1.0
600063,2024-03-30,1.0
600063,2024-03-31,1.0
600063,2024-04-01,1.0
600063,2024-04-02,1.0
600063,2024-04-03,1.0
600063,2024-04-04,1.0
600064,2024-03-04,1.0
600064,2024-03-05,1.0
600064,2024-03-06,1.0
600064,2024-03-07,1.0
600064,2024-03-08,1.0
600064,2024-03-09,1.0
600064,2024-03-10,1.0
600064,2024-03-11,1.0
600064,2024-03-12,1.0
600064,2024-03-13,1.0
600064,2024-03-14,1.0
600064,2024-03-15,1.0
600064,2024-03-16,1.0
600064,2024-03-17,1.0
600064,2024-03-18,1.0
600064,2024-03-19,1.0
600064,2024-03-20,1.0
600064,2024-03-21,1.0
600064,2024-03-22,1.0
600064,2024-03-23,1.0
600064,2024-03-24,1.0
600064,2024-03-25,1.0
600064,2024-03-26,1.0
600064,2024-03-27,1.0
600064,2024-03-28,1.0
600064,2024-03-29,1.0
600064,2024-03-30,1.0
600064,2024-03-31,1.0
600064,2024-04-01,1.0
600064,2024-04-02,1.0
600065,2024-03-14,1.0
600065,2024-03-15,1.0
600065,2024-03-16,1.0
600065,2024-03-17,1.0
600065,2024-03-18,1.0
600065,2024-03-19,1.0
600065,2024-03-20,1.0
600065,2024-03-21,1.0
600065,2024-03-22,1.0
600065,2024-03-23,1.0
600065,2024-03-24,1.0
600065,2024-03-25,1.0
600065,2024-03-26,1.0
600065,2024-03-27,1.0
600065,2024-03-28,1.0
600065,2024-03-29,1.0
600065,2024-03-30,1.0
600065,2024-03-31,1.0
600065,2024-04-01,1.0
600065,2024-04-02,1.0
600065,2024-04-03,1.0
600065,2024-04-04,1.0
600065,2024-04-05,1.0
600065,2024-04-06,1.0
600065,2024-04-07,1.0
600065,2024-04-08,1.0
600065,2024-04-09,1.0
600065,2024-04-10,1.0
600065,2024-04-11,1.0
600065,2024-04-12,1.0
600066,2024-03-10,1.0
600066,2024-03-11,1.0
600066,2024-03-12,1.0
600066,2024-03-13,1.0
600066,2024-03-14,1.0
600066,2024-03-15,1.0
600066,2024-03-16,1.0
600066,2024-03-17,1.0
600066,2024-03-18,1.0
600066,2024-03-19,1.0
600066,2024-03-20,1.0
600066,2024-03-21,1.0
600066,2024-03-22,1.0
600066,2024-03-23,1.0
600066,2024-03-24,1.0
600066,2024-03-25,1.0
600066,2024-03-26,1.0
600066,2024-03-27,1.0
600066,2024-03-28,1.0
600066,2024-03-29,1.0
600066,2024-03-30,1.0
600066,2024-03-31,1.0
600066,2024-04-01,1.0
600066,2024-04-02,1.0
600066,2024-04-03,1.0
600066,2024-04-04,1.0
600066,2024-04-05,1.0
600066,2024-04-06,1.0
600066,2024-04-07,1.0
600066,2024-04-08,1.0
600067,2024-03-04,1.0
600067,2024-03-05,1.0
600067,2024-03-06,1.0
600067,2024-03-07,1.0
600067,2024-03-08,1.0
600067,2024-03-09,1.0
600067,2024-03-10,1.0
600067,2024-03-11,1.0
600067,2024-03-12,1.0
600067,2024-03-13,1.0
600067,2024-03-14,1.0
600067,2024-03-15,1.0
600067,2024-03-16,1.0
600067,2024-03-17,1.0
600067,2024-03-18,1.0
600067,2024-03-19,1.0
600067,2024-03-20,1.0
600067,2024-03-21,1.0
600067,2024-03-22,1.0
600067,2024-03-23,1.0
600067,2024-03-24,1.0
600067,2024-03-25,1.0
600067,2024-03-26,1.0
600067,2024-03-27,1.0
600067,2024-03-28,1.0
600067,2024-03-29,1.0
600067,2024-03-30,1.0
600067,2024-03-31,1.0
600067,2024-04-01,1.0
600067,2024-04-02,1.0
600068,2024-03-21,1.0
600068,2024-03-22,1.0
600068,2024-03-23,1.0
600068,2024-03-24,1.0
600068,2024-03-25,1.0
600068,2024-03-26,1.0
600068,2024-03-27,1.0
600068,2024-03-28,1.0
600068,2024-03-29,1.0
600068,2024-03-30,1.0
600068,2024-03-31,1.0
600068,2024-04-01,1.0
600068,2024-04-02,1.0
600068,2024-04-03,1.0
600068,2024-04-04,1.0
600068,2024-04-05,1.0
600068,2024-04-06,1.0
600068,2024-04-07,1.0
600068,2024-04-08,1.0
600068,2024-04-09,1.0
600068,2024-04-10,1.0
600068,2024-04-11,1.0
600068,2024-04-12,1.0
600068,2024-04-13,1.0
600068,2024-04-14,1.0
600068,2024-04-15,1.0
600068,2024-04-16,1.0
600068,2024-04-17,1.0
600068,2024-04-18,1.0
600068,2024-04-19,1.0
600069,2024-03-14,1.0
600069,2024-03-15,1.0
600069,2024-03-16,1.0
600069,2024-03-17,1.0
600069,2024-03-18,1.0
600069,2024-03-19,1.0
600069,2024-03-20,1.0
600069,2024-03-21,1.0
600069,2024-03-22,1.0
600069,2024-03-23,1.0
600069,2024-03-24,1.0
600069,2024-03-25,1.0
600069,2024-03-26,1.0
600069,2024-03-27,1.0
600069,2024-03-28,1.0
600069,2024-03-29,1.0
600069,2024-03-30,1.0
600069,2024-03-31,1.0
600069,2024-04-01,1.0
600069,2024-04-02,1.0
600069,2024-04-03,1.0
600069,2024-04-04,1.0
600069,2024-04-05,1.0
600069,2024-04-06,1.0
600069,2024-04-07,1.0
600069,2024-04-08,1.0
600069,2024-04-09,1.0
600069,2024-04-10,1.0
600069,2024-04-11,1.0
600069,2024-04-12,1.0
600070,2024-03-20,1.0
600070,2024-03-21,1.0
600070,2024-03-22,1.0
600070,2024-03-23,1.0
600070,2024-03-24,1.0
600070,2024-03-25,1.0
600070,2024-03-26,1.0
600070,2024-03-27,1.0
600070,2024-03-28,1.0
600070,2024-03-29,1.0
600070,2024-03-30,1.0
600070,2024-03-31,1.0
600070,2024-04-01,1.0
600070,2024-04-02,1.0
600070,2024-04-03,1.0
600070,2024-04-04,1.0
600070,2024-04-05,1.0
600070,2024-04-06,1.0
600070,2024-04-07,1.0
600070,2024-04-08,1.0
600070,2024-04-09,1.0
600070,2024-04-10,1.0
600070,2024-04-11,1.0
600070,2024-04-12,1.0
600070,2024-04-13,1.0
600070,2024-04-14,1.0
600070,2024-04-15,1.0
600070,2024-04-16,1.0
600070,2024-04-17,1.0
600070,2024-04-18,1.0
600071,2024-03-16,1.0
600071,2024-03-17,1.0
600071,2024-03-18,1.0
600071,2024-03-19,1.0
600071,2024-03-20,1.0
600071,2024-03-21,1.0
600071,2024-03-22,1.0
600071,2024-03-23,1.0
600071,2024-03-24,1.0
600071,2024-03-25,1.0
600071,2024-03-26,1.0
600071,2024-03-27,1.0
600071,2024-03-28,1.0
600071,2024-03-29,1.0
600071,2024-03-30,1.0
600071,2024-03-31,1.0
600071,2024-04-01,1.0
600071,2024-04-02,1.0
600071,2024-04-03,1.0
600071,2024-04-04,1.0
600071,2024-04-05,1.0
600071,2024-04-06,1.0
600071,2024-04-07,1.0
600071,2024-04-08,1.0
600071,2024-04-09,1.0
600071,2024-04-10,1.0
600071,2024-04-11,1.0
600071,2024-04-12,1.0
600071,2024-04-13,1.0
600071,2024-04-14,1.0
600072,2024-03-12,1.0
600072,2024-03-13,1.0
600072,2024-03-14,1.0
600072,2024-03-15,1.0
600072,2024-03-16,1.0
600072,2024-03-17,1.0
600072,2024-03-18,1.0
600072,2024-03-19,1.0
600072,2024-03-20,1.0
600072,2024-03-21,1.0
600072,2024-03-22,1.0
600072,2024-03-23,1.0
600072,2024-03-24,1.0
600072,2024-03-25,1.0
600072,2024-03-26,1.0
600072,2024-03-27,1.0
600072,2024-03-28,1.0
600072,2024-03-29,1.0
600072,2024-03-30,1.0
600072,2024-03-31,1.0
600072,2024-04-01,1.0
600072,2024-04-02,1.0
600072,2024-04-03,1.0
600072,2024-04-04,1.0
600072,2024-04-05,1.0
600072,2024-04-06,1.0
600072,2024-04-07,1.0
600072,2024-04-08,1.0
600072,2024-04-09,1.0
600072,2024-04-10,1.0
600073,2024-03-12,1.0
600073,2024-03-13,1.0
600073,2024-03-14,1.0
600073,2024-03-15,1.0
600073,2024-03-16,1.0
600073,2024-03-17,1.0
600073,2024-03-18,1.0
600073,2024-03-19,1.0
600073,2024-03-20,1.0
600073,2024-03-21,1.0
600073,2024-03-22,1.0
600073,2024-03-23,1.0
600073,2024-03-24,1.0
600073,2024-03-25,1.0
600073,2024-03-26,1.0
600073,2024-03-27,1.0
600073,2024-03-28,1.0
600073,2024-03-29,1.0
600073,2024-03-30,1.0
600073,2024-03-31,1.0
600073,2024-04-01,1.0
600073,2024-04-02,1.0
600073,2024-04-03,1.0
600073,2024-04-04,1.0
600073,2024-04-05,1.0
600073,2024-04-06,1.0
600073,2024-04-07,1.0
600073,2024-04-08,1.0
600073,2024-04-09,1.0
600073,2024-04-10,1.0
600074,2024-03-03,0.0
600074,2024-03-04,1.0
600074,2024-03-05,1.0
600074,2024-03-06,1.0
600074,2024-03-07,1.0
600074,2024-03-08,1.0
600074,2024-03-09,1.0
600074,2024-03-10,1.0
600074,2024-03-11,1.0
600074,2024-03-12,1.0
600074,2024-03-13,1.0
600074,2024-03-14,1.0
600074,2024-03-15,1.0
600074,2024-03-16,1.0
600074,2024-03-17,1.0
600074,2024-03-18,1.0
600074,2024-03-19,1.0
600074,2024-03-20,1.0
600074,2024-03-21,1.0
600074,2024-03-22,1.0
600074,2024-03-23,1.0
600074,2024-03-24,1.0
600074,2024-03-25,1.0
600074,2024-03-26,1.0
600074,2024-03-27,1.0
600074,2024-03-28,1.0
600074,2024-03-29,1.0
600074,2024-03-30,1.0
600074,2024-03-31,1.0
600074,2024-04-01,1.0
600075,2024-03-19,1.0
600075,2024-03-20,1.0
600075,2024-03-21,1.0
600075,2024-03-22,1.0
600075,2024-03-23,1.0
600075,2024-03-24,1.0
600075,2024-03-25,1.0
600075,2024-03-26,1.0
600075,2024-03-27,1.0
600075,2024-03-28,1.0
600075,2024-03-29,1.0
600075,2024-03-30,1.0
600075,2024-03-31,1.0
600075,2024-04-01,1.0
600075,2024-04-02,1.0
600075,2024-04-03,1.0
600075,2024-04-04,1.0
600075,2024-04-05,1.0
600075,2024-04-06,1.0
600075,2024-04-07,1.0
600075,2024-04-08,1.0
600075,2024-04-09,1.0
600075,2024-04-10,1.0
600075,2024-04-11,1.0
600075,2024-04-12,1.0
600075,2024-04-13,1.0
600075,2024-04-14,1.0
600075,2024-04-15,1.0
600075,2024-04-16,1.0
600075,2024-04-17,1.0
600076,2024-03-07,1.0
600076,2024-03-08,1.0
600076,2024-03-09,1.0
600076,2024-03-10,1.0
600076,2024-03-11,1.0
600076,2024-03-12,1.0
600076,2024-03-13,1.0
600076,2024-03-14,1.0
600076,2024-03-15,1.0
600076,2024-03-16,1.0
600076,2024-03-17,1.0
600076,2024-03-18,1.0
600076,2024-03-19,1.0
600076,2024-03-20,1.0
600076,2024-03-21,1.0
600076,2024-03-22,1.0
600076,2024-03-23,1.0
600076,2024-03-24,1.0
600076,2024-03-25,1.0
600076,2024-03-26,1.0
600076,2024-03-27,1.0
600076,2024-03-28,1.0
600076,2024-03-29,1.0
600076,2024-03-30,1.0
600076,2024-03-31,1.0
600076,2024-04-01,1.0
600076,2024-04-02,1.0
600076,2024-04-03,1.0
600076,2024-04-04,1.0
600076,2024-04-05,1.0
600077,2024-03-03,1.0
600077,2024-03-04,1.0
600077,2024-03-05,1.0
600077,2024-03-06,1.0
600077,2024-03-07,1.0
600077,2024-03-08,1.0
600077,2024-03-09,1.0
600077,2024-03-10,1.0
600077,2024-03-11,1.0
600077,2024-03-12,1.0
600077,2024-03-13,1.0
600077,2024-03-14,1.0
600077,2024-03-15,1.0
600077,2024-03-16,1.0
600077,2024-03-17,1.0
600077,2024-03-18,1.0
600077,2024-03-19,1.0
600077,2024-03-20,1.0
600077,2024-03-21,1.0
600077,2024-03-22,1.0
600077,2024-03-23,1.0
600077,2024-03-24,1.0
600077,2024-03-25,1.0
600077,2024-03-26,1.0
600077,2024-03-27,1.0
600077,2024-03-28,1.0
600077,2024-03-29,1.0
600077,2024-03-30,1.0
600077,2024-03-31,1.0
600077,2024-04-01,1.0
600078,2024-03-14,1.0
600078,2024-03-15,1.0
600078,2024-03-16,1.0
600078,2024-03-17,1.0
600078,2024-03-18,1.0
600078,2024-03-19,1.0
600078,2024-03-20,1.0
600078,2024-03-21,1.0
600078,2024-03-22,1.0
600078,2024-03-23,1.0
600078,2024-03-24,1.0
600078,2024-03-25,1.0
600078,2024-03-26,1.0
600078,2024-03-27,1.0
600078,2024-03-28,1.0
600078,2024-03-29,1.0
600078,2024-03-30,1.0
600078,2024-03-31,1.0
600078,2024-04-01,1.0
600078,2024-04-02,1.0
600078,2024-04-03,1.0
600078,2024-04-04,1.0
600078,2024-04-05,1.0
600078,2024-04-06,1.0
600078,2024-04-07,1.0
600078,2024-04-08,1.0
600078,2024-04-09,1.0
600078,2024-04-10,1.0
600078,2024-04-11,1.0
600078,2024-04-12,1.0
600079,2024-03-18,1.0
600079,2024-03-19,1.0
600079,2024-03-20,1.0
600079,2024-03-21,1.0
600079,2024-03-22,1.0
600079,2024-03-23,1.0
600079,2024-03-24,1.0
600079,2024-03-25,1.0
600079,2024-03-26,1.0
600079,2024-03-27,1.0
600079,2024-03-28,1.0
600079,2024-03-29,1.0
600079,2024-03-30,1.0
600079,2024-03-31,1.0
600079,2024-04-01,1.0
600079,2024-04-02,1.0
600079,2024-04-03,1.0
600079,2024-04-04,1.0
600079,2024-04-05,1.0
600079,2024-04-06,1.0
600079,2024-04-07,1.0
600079,2024-04-08,1.0
600079,2024-04-09,1.0
600079,2024-04-10,1.0
600079,2024-04-11,1.0
600079,2024-04-12,1.0
600079,2024-04-13,1.0
600079,2024-04-14,1.0
600079,2024-04-15,1.0
600079,2024-04-16,1.0
600080,2024-03-14,1.0
600080,2024-03-15,1.0
600080,2024-03-16,1.0
600080,2024-03-17,1.0
600080,2024-03-18,1.0
600080,2024-03-19,1.0
600080,2024-03-20,1.0
600080,2024-03-21,1.0
600080,2024-03-22,1.0
600080,2024-03-23,1.0
600080,2024-03-24,1.0
600080,2024-03-25,1.0
600080,2024-03-26,1.0
600080,2024-03-27,1.0
600080,2024-03-28,1.0
600080,2024-03-29,1.0
600080,2024-03-30,1.0
600080,2024-03-31,1.0
600080,2024-04-01,1.0
600080,2024-04-02,1.0
600080,2024-04-03,1.0
600080,2024-04-04,1.0
600080,2024-04-05,1.0
600080,2024-04-06,1.0
600080,2024-04-07,1.0
600080,2024-04-08,1.0
600080,2024-04-09,1.0
600080,2024-04-10,1.0
600080,2024-04-11,1.0
600080,2024-04-12,1.0
600081,2024-03-10,1.0
600081,2024-03-11,1.0
600081,2024-03-12,1.0
600081,2024-03-13,1.0
600081,2024-03-14,1.0
600081,2024-03-15,1.0
600081,2024-03-16,1.0
600081,2024-03-17,1.0
600081,2024-03-18,1.0
600081,2024-03-19,1.0
600081,2024-03-20,1.0
600081,2024-03-21,1.0
600081,2024-03-22,1.0
600081,2024-03-23,1.0
600081,2024-03-24,1.0
600081,2024-03-25,1.0
600081,2024-03-26,1.0
600081,2024-03-27,1.0
600081,2024-03-28,1.0
600081,2024-03-29,1.0
600081,2024-03-30,1.0
600081,2024-03-31,1.0
600081,2024-04-01,1.0
600081,2024-04-02,1.0
600081,2024-04-03,1.0
600081,2024-04-04,1.0
600081,2024-04-05,1.0
600081,2024-04-06,1.0
600081,2024-04-07,1.0
600081,2024-04-08,1.0
600082,2024-03-11,1.0
600082,2024-03-12,1.0
600082,2024-03-13,1.0
600082,2024-03-14,1.0
600082,2024-03-15,1.0
600082,2024-03-16,1.0
600082,2024-03-17,1.0
600082,2024-03-18,1.0
600082,2024-03-19,1.0
600082,2024-03-20,1.0
600082,2024-03-21,1.0
600082,2024-03-22,1.0
600082,2024-03-23,1.0
600082,2024-03-24,1.0
600082,2024-03-25,1.0
600082,2024-03-26,1.0
600082,2024-03-27,1.0
600082,2024-03-28,1.0
600082,2024-03-29,1.0
600082,2024-03-30,1.0
600082,2024-03-31,1.0
600082,2024-04-01,1.0
600082,2024-04-02,1.0
600082,2024-04-03,1.0
600082,2024-04-04,1.0
600082,2024-04-05,1.0
600082,2024-04-06,1.0
600082,2024-04-07,1.0
600082,2024-04-08,1.0
600082,2024-04-09,1.0
600083,2024-03-06,1.0
600083,2024-03-07,1.0
600083,2024-03-08,1.0
600083,2024-03-09,1.0
600083,2024-03-10,1.0
600083,2024-03-11,1.0
600083,2024-03-12,1.0
600083,2024-03-13,1.0
600083,2024-03-14,1.0
600083,2024-03-15,1.0
600083,2024-03-16,1.0
600083,2024-03-17,1.0
600083,2024-03-18,1.0
600083,2024-03-19,1.0
600083,2024-03-20,1.0
600083,2024-03-21,1.0
600083,2024-03-22,1.0
600083,2024-03-23,1.0
600083,2024-03-24,1.0
600083,2024-03-25,1.0
600083,2024-03-26,1.0
600083,2024-03-27,1.0
600083,2024-03-28,1.0
600083,2024-03-29,1.0
600083,2024-03-30,1.0
600083,2024-03-31,1.0
600083,2024-04-01,1.0
600083,2024-04-02,1.0
600083,2024-04-03,1.0
600083,2024-04-04,1.0
600084,2024-03-04,1.0
600084,2024-03-05,1.0
600084,2024-03-06,1.0
600084,2024-03-07,1.0
600084,2024-03-08,1.0
600084,2024-03-09,1.0
600084,2024-03-10,1.0
600084,2024-03-11,1.0
600084,2024-03-12,1.0
600084,2024-03-13,1.0
600084,2024-03-14,1.0
600084,2024-03-15,1.0
600084,2024-03-16,1.0
600084,2024-03-17,1.0
600084,2024-03-18,1.0
600084,2024-03-19,1.0
600084,2024-03-20,1.0
600084,2024-03-21,1.0
600084,2024-03-22,1.0
600084,2024-03-23,1.0
600084,2024-03-24,1.0
600084,2024-03-25,1.0
600084,2024-03-26,1.0
600084,2024-03-27,1.0
600084,2024-03-28,1.0
600084,2024-03-29,1.0
600084,2024-03-30,1.0
600084,2024-03-31,1.0
600084,2024-04-01,1.0
600084,2024-04-02,1.0
600085,2024-03-14,1.0
600085,2024-03-15,1.0
600085,2024-03-16,1.0
600085,2024-03-17,1.0
600085,2024-03-18,1.0
600085,2024-03-19,1.0
600085,2024-03-20,1.0
600085,2024-03-21,1.0
600085,2024-03-22,1.0
600085,2024-03-23,1.0
600085,2024-03-24,1.0
600085,2024-03-25,1.0
600085,2024-03-26,1.0
600085,2024-03-27,1.0
600085,2024-03-28,1.0
600085,2024-03-29,1.0
600085,2024-03-30,1.0
600085,2024-03-31,1.0
600085,2024-04-01,1.0
600085,2024-04-02,1.0
600085,2024-04-03,1.0
600085,2024-04-04,1.0
600085,2024-04-05,1.0
600085,2024-04-06,1.0
600085,2024-04-07,1.0
600085,2024-04-08,1.0
600085,2024-04-09,1.0
600085,2024-04-10,1.0
600085,2024-04-11,1.0
600085,2024-04-12,1.0
600086,2024-03-13,1.0
600086,2024-03-14,1.0
600086,2024-03-15,1.0
600086,2024-03-16,1.0
600086,2024-03-17,1.0
600086,2024-03-18,1.0
600086,2024-03-19,1.0
600086,2024-03-20,1.0
600086,2024-03-21,1.0
600086,2024-03-22,1.0
600086,2024-03-23,1.0
600086,2024-03-24,1.0
600086,2024-03-25,1.0
600086,2024-03-26,1.0
600086,2024-03-27,1.0
600086,2024-03-28,1.0
600086,2024-03-29,1.0
600086,2024-03-30,1.0
600086,2024-03-31,1.0
600086,2024-04-01,1.0
600086,2024-04-02,1.0
600086,2024-04-03,1.0
600086,2024-04-04,1.0
600086,2024-04-05,1.0
600086,2024-04-06,1.0
600086,2024-04-07,1.0
600086,2024-04-08,1.0
600086,2024-04-09,1.0
600086,2024-04-10,1.0
600086,2024-04-11,1.0
600087,2024-03-11,1.0
600087,2024-03-12,1.0
600087,2024-03-13,1.0
600087,2024-03-14,1.0
600087,2024-03-15,1.0
600087,2024-03-16,1.0
600087,2024-03-17,1.0
600087,2024-03-18,1.0
600087,2024-03-19,1.0
600087,2024-03-20,1.0
600087,2024-03-21,1.0
600087,2024-03-22,1.0
600087,2024-03-23,1.0
600087,2024-03-24,1.0
600087,2024-03-25,1.0
600087,2024-03-26,1.0
600087,2024-03-27,1.0
600087,2024-03-28,1.0
600087,2024-03-29,1.0
600087,2024-03-30,1.0
600087,2024-03-31,1.0
600087,2024-04-01,1.0
600087,2024-04-02,1.0
600087,2024-04-03,1.0
600087,2024-04-04,1.0
600087,2024-04-05,1.0
600087,2024-04-06,1.0
600087,2024-04-07,1.0
600087,2024-04-08,1.0
600087,2024-04-09,1.0
600088,2024-03-05,1.0
600088,2024-03-06,1.0
600088,2024-03-07,1.0
600088,2024-03-08,1.0
600088,2024-03-09,1.0
600088,2024-03-10,1.0
600088,2024-03-11,1.0
600088,2024-03-12,1.0
600088,2024-03-13,1.0
600088,2024-03-14,1.0
600088,2024-03-15,1.0
600088,2024-03-16,1.0
600088,2024-03-17,1.0
600088,2024-03-18,1.0
600088,2024-03-19,1.0
600088,2024-03-20,1.0
600088,2024-03-21,1.0
600088,2024-03-22,1.0
600088,2024-03-23,1.0
600088,2024-03-24,1.0
600088,2024-03-25,1.0
600088,2024-03-26,1.0
600088,2024-03-27,1.0
600088,2024-03-28,1.0
600088,2024-03-29,1.0
600088,2024-03-30,1.0
600088,2024-03-31,1.0
600088,2024-04-01,1.0
600088,2024-04-02,1.0
600088,2024-04-03,1.0
600089,2024-03-17,1.0
600089,2024-03-18,1.0
600089,2024-03-19,1.0
600089,2024-03-20,1.0
600089,2024-03-21,1.0
600089,2024-03-22,1.0
600089,2024-03-23,1.0
600089,2024-03-24,1.0
600089,2024-03-25,1.0
600089,2024-03-26,1.0
600089,2024-03-27,1.0
600089,2024-03-28,1.0
600089,2024-03-29,1.0
600089,2024-03-30,1.0
600089,2024-03-31,1.0
600089,2024-04-01,1.0
600089,2024-04-02,1.0
600089,2024-04-03,1.0
600089,2024-04-04,1.0
600089,2024-04-05,1.0
600089,2024-04-06,1.0
600089,2024-04-07,1.0
600089,2024-04-08,1.0
600089,2024-04-09,1.0
600089,2024-04-10,1.0
600089,2024-04-11,1.0
600089,2024-04-12,1.0
600089,2024-04-13,1.0
600089,2024-04-14,1.0
600089,2024-04-15,1.0
600090,2024-03-20,1.0
600090,2024-03-21,1.0
600090,2024-03-22,1.0
600090,2024-03-23,1.0
600090,2024-03-24,1.0
600090,2024-03-25,1.0
600090,2024-03-26,1.0
600090,2024-03-27,1.0
600090,2024-03-28,1.0
600090,2024-03-29,1.0
600090,2024-03-30,1.0
600090,2024-03-31,1.0
600090,2024-04-01,1.0
600090,2024-04-02,1.0
600090,2024-04-03,1.0
600090,2024-04-04,1.0
600090,2024-04-05,1.0
600090,2024-04-06,1.0
600090,2024-04-07,1.0
600090,2024-04-08,1.0
600090,2024-04-09,1.0
600090,2024-04-10,1.0
600090,2024-04-11,1.0
600090,2024-04-12,1.0
600090,2024-04-13,1.0
600090,2024-04-14,1.0
600090,2024-04-15,1.0
600090,2024-04-16,1.0
600090,2024-04-17,1.0
600090,2024-04-18,1.0
600091,2024-03-17,1.0
600091,2024-03-18,1.0
600091,2024-03-19,1.0
600091,2024-03-20,1.0
600091,2024-03-21,1.0
600091,2024-03-22,1.0
600091,2024-03-23,1.0
600091,2024-03-24,1.0
600091,2024-03-25,1.0
600091,2024-03-26,1.0
600091,2024-03-27,1.0
600091,2024-03-28,1.0
600091,2024-03-29,1.0
600091,2024-03-30,1.0
600091,2024-03-31,1.0
600091,2024-04-01,1.0
600091,2024-04-02,1.0
600091,2024-04-03,1.0
600091,2024-04-04,1.0
600091,2024-04-05,1.0
600091,2024-04-06,1.0
600091,2024-04-07,1.0
600091,2024-04-08,1.0
600091,2024-04-09,1.0
600091,2024-04-10,1.0
600091,2024-04-11,1.0
600091,2024-04-12,1.0
600091,2024-04-13,1.0
600091,2024-04-14,1.0
600091,2024-04-15,1.0
600092,2024-03-03,1.0
600092,2024-03-04,1.0
600092,2024-03-05,1.0
600092,2024-03-06,1.0
600092,2024-03-07,1.0
600092,2024-03-08,1.0
600092,2024-03-09,1.0
600092,2024-03-10,1.0
600092,2024-03-11,1.0
600092,2024-03-12,1.0
600092,2024-03-13,1.0
600092,2024-03-14,1.0
600092,2024-03-15,1.0
600092,2024-03-16,1.0
600092,2024-03-17,1.0
600092,2024-03-18,1.0
600092,2024-03-19,1.0
600092,2024-03-20,1.0
600092,2024-03-21,1.0
600092,2024-03-22,1.0
600092,2024-03-23,1.0
600092,2024-03-24,1.0
600092,2024-03-25,1.0
600092,2024-03-26,1.0
600092,2024-03-27,1.0
600092,2024-03-28,1.0
600092,2024-03-29,1.0
600092,2024-03-30,1.0
600092,2024-03-31,1.0
600092,2024-04-01,1.0
600093,2024-03-08,1.0
600093,2024-03-09,1.0
600093,2024-03-10,1.0
600093,2024-03-11,1.0
600093,2024-03-12,1.0
600093,2024-03-13,1.0
600093,2024-03-14,1.0
600093,2024-03-15,1.0
600093,2024-03-16,1.0
600093,2024-03-17,1.0
600093,2024-03-18,1.0
600093,2024-03-19,1.0
600093,2024-03-20,1.0
600093,2024-03-21,1.0
600093,2024-03-22,1.0
600093,2024-03-23,1.0
600093,2024-03-24,1.0
600093,2024-03-25,1.0
600093,2024-03-26,1.0
600093,2024-03-27,1.0
600093,2024-03-28,1.0
600093,2024-03-29,1.0
600093,2024-03-30,1.0
600093,2024-03-31,1.0
600093,2024-04-01,1.0
600093,2024-04-02,1.0
600093,2024-04-03,1.0
600093,2024-04-04,1.0
600093,2024-04-05,1.0
600093,2024-04-06,1.0
600094,2024-03-20,1.0
600094,2024-03-21,1.0
600094,2024-03-22,1.0
600094,2024-03-23,1.0
600094,2024-03-24,1.0
600094,2024-03-25,1.0
600094,2024-03-26,1.0
600094,2024-03-27,1.0
600094,2024-03-28,1.0
600094,2024-03-29,1.0
600094,2024-03-30,1.0
600094,2024-03-31,1.0
600094,2024-04-01,1.0
600094,2024-04-02,1.0
600094,2024-04-03,1.0
600094,2024-04-04,1.0
600094,2024-04-05,1.0
600094,2024-04-06,1.0
600094,2024-04-07,1.0
600094,2024-04-08,1.0
600094,2024-04-09,1.0
600094,2024-04-10,1.0
600094,2024-04-11,1.0
600094,2024-04-12,1.0
600094,2024-04-13,1.0
600094,2024-04-14,1.0
600094,2024-04-15,1.0
600094,2024-04-16,1.0
600094,2024-04-17,1.0
600094,2024-04-18,1.0
600095,2024-03-13,1.0
600095,2024-03-14,1.0
600095,2024-03-15,1.0
600095,2024-03-16,1.0
600095,2024-03-17,1.0
600095,2024-03-18,1.0
600095,2024-03-19,1.0
600095,2024-03-20,1.0
600095,2024-03-21,1.0
600095,2024-03-22,1.0
600095,2024-03-23,1.0
600095,2024-03-24,1.0
600095,2024-03-25,1.0
600095,2024-03-26,1.0
600095,2024-03-27,1.0
600095,2024-03-28,1.0
600095,2024-03-29,1.0
600095,2024-03-30,1.0
600095,2024-03-31,1.0
600095,2024-04-01,1.0
600095,2024-04-02,1.0
600095,2024-04-03,1.0
600095,2024-04-04,1.0
600095,2024-04-05,1.0
600095,2024-04-06,1.0
600095,2024-04-07,1.0
600095,2024-04-08,1.0
600095,2024-04-09,1.0
600095,2024-04-10,1.0
600095,2024-04-11,1.0
600096,2024-03-11,1.0
600096,2024-03-12,1.0
600096,2024-03-13,1.0
600096,2024-03-14,1.0
600096,2024-03-15,1.0
600096,2024-03-16,1.0
600096,2024-03-17,1.0
600096,2024-03-18,1.0
600096,2024-03-19,1.0
600096,2024-03-20,1.0
600096,2024-03-21,1.0
600096,2024-03-22,1.0
600096,2024-03-23,1.0
600096,2024-03-24,1.0
600096,2024-03-25,1.0
600096,2024-03-26,1.0
600096,2024-03-27,1.0
600096,2024-03-28,1.0
600096,2024-03-29,1.0
600096,2024-03-30,1.0
600096,2024-03-31,1.0
600096,2024-04-01,1.0
600096,2024-04-02,1.0
600096,2024-04-03,1.0
600096,2024-04-04,1.0
600096,2024-04-05,1.0
600096,2024-04-06,1.0
600096,2024-04-07,1.0
600096,2024-04-08,1.0
600096,2024-04-09,1.0
600097,2024-03-07,1.0
600097,2024-03-08,1.0
600097,2024-03-09,1.0
600097,2024-03-10,1.0
600097,2024-03-11,1.0
600097,2024-03-12,1.0
600097,2024-03-13,1.0
600097,2024-03-14,1.0
600097,2024-03-15,1.0
600097,2024-03-16,1.0
600097,2024-03-17,1.0
600097,2024-03-18,1.0
600097,2024-03-19,1.0
600097,2024-03-20,1.0
600097,2024-03-21,1.0
600097,2024-03-22,1.0
600097,2024-03-23,1.0
600097,2024-03-24,1.0
600097,2024-03-25,1.0
600097,2024-03-26,1.0
600097,2024-03-27,1.0
600097,2024-03-28,1.0
600097,2024-03-29,1.0
600097,2024-03-30,1.0
600097,2024-03-31,1.0
600097,2024-04-01,1.0
600097,2024-04-02,1.0
600097,2024-04-03,1.0
600097,2024-04-04,1.0
600097,2024-04-05,1.0
600098,2024-03-17,1.0
600098,2024-03-18,1.0
600098,2024-03-19,1.0
600098,2024-03-20,1.0
600098,2024-03-21,1.0
600098,2024-03-22,1.0
600098,2024-03-23,1.0
600098,2024-03-24,1.0
600098,2024-03-25,1.0
600098,2024-03-26,1.0
600098,2024-03-27,1.0
600098,2024-03-28,1.0
600098,2024-03-29,1.0
600098,2024-03-30,1.0
600098,2024-03-31,1.0
600098,2024-04-01,1.0
600098,2024-04-02,1.0
600098,2024-04-03,1.0
600098,2024-04-04,1.0
600098,2024-04-05,1.0
600098,2024-04-06,1.0
600098,2024-04-07,1.0
600098,2024-04-08,1.0
600098,2024-04-09,1.0
600098,2024-04-10,1.0
600098,2024-04-11,1.0
600098,2024-04-12,1.0
600098,2024-04-13,1.0
600098,2024-04-14,1.0
600098,2024-04-15,1.0
600099,2024-03-05,1.0
600099,2024-03-06,1.0
600099,2024-03-07,1.0
600099,2024-03-08,1.0
600099,2024-03-09,1.0
600099,2024-03-10,1.0
600099,2024-03-11,1.0
600099,2024-03-12,1.0
600099,2024-03-13,1.0
600099,2024-03-14,1.0
600099,2024-03-15,1.0
600099,2024-03-16,1.0
600099,2024-03-17,1.0
600099,2024-03-18,1.0
600099,2024-03-19,1.0
600099,2024-03-20,1.0
600099,2024-03-21,1.0
600099,2024-03-22,1.0
600099,2024-03-23,1.0
600099,2024-03-24,1.0
600099,2024-03-25,1.0
600099,2024-03-26,1.0
600099,2024-03-27,1.0
600099,2024-03-28,1.0
600099,2024-03-29,1.0
600099,2024-03-30,1.0
600099,2024-03-31,1.0
600099,2024-04-01,1.0
600099,2024-04-02,1.0
600099,2024-04-03,1.0
600100,2024-03-04,1.0
600100,2024-03-05,1.0
600100,2024-03-06,1.0
600100,2024-03-07,1.0
600100,2024-03-08,1.0
600100,2024-03-09,1.0
600100,2024-03-10,1.0
600100,2024-03-11,1.0
600100,2024-03-12,1.0
600100,2024-03-13,1.0
600100,2024-03-14,1.0
600100,2024-03-15,1.0
600100,2024-03-16,1.0
600100,2024-03-17,1.0
600100,2024-03-18,1.0
600100,2024-03-19,1.0
600100,2024-03-20,1.0
600100,2024-03-21,1.0
600100,2024-03-22,1.0
600100,2024-03-23,1.0
600100,2024-03-24,1.0
600100,2024-03-25,1.0
600100,2024-03-26,1.0
600100,2024-03-27,1.0
600100,2024-03-28,1.0
600100,2024-03-29,1.0
600100,2024-03-30,1.0
600100,2024-03-31,1.0
600100,2024-04-01,1.0
600100,2024-04-02,1.0
600101,2024-03-13,1.0
600101,2024-03-14,1.0
600101,2024-03-15,1.0
600101,2024-03-16,1.0
600101,2024-03-17,1.0
600101,2024-03-18,1.0
600101,2024-03-19,1.0
600101,2024-03-20,1.0
600101,2024-03-21,1.0
600101,2024-03-22,1.0
600101,2024-03-23,1.0
600101,2024-03-24,1.0
600101,2024-03-25,1.0
600101,2024-03-26,1.0
600101,2024-03-27,1.0
600101,2024-03-28,1.0
600101,2024-03-29,1.0
600101,2024-03-30,1.0
600101,2024-03-31,1.0
600101,2024-04-01,1.0
600101,2024-04-02,1.0
600101,2024-04-03,1.0
600101,2024-04-04,1.0
600101,2024-04-05,1.0
600101,2024-04-06,1.0
600101,2024-04-07,1.0
600101,2024-04-08,1.0
600101,2024-04-09,1.0
600101,2024-04-10,1.0
600101,2024-04-11,1.0
600102,2024-03-04,1.0
600102,2024-03-05,1.0
600102,2024-03-06,1.0
600102,2024-03-07,1.0
600102,2024-03-08,1.0
600102,2024-03-09,1.0
600102,2024-03-10,1.0
600102,2024-03-11,1.0
600102,2024-03-12,1.0
600102,2024-03-13,1.0
600102,2024-03-14,1.0
600102,2024-03-15,1.0
600102,2024-03-16,1.0
600102,2024-03-17,1.0
600102,2024-03-18,1.0
600102,2024-03-19,1.0
600102,2024-03-20,1.0
600102,2024-03-21,1.0
600102,2024-03-22,1.0
600102,2024-03-23,1.0
600102,2024-03-24,1.0
600102,2024-03-25,1.0
600102,2024-03-26,1.0
600102,2024-03-27,1.0
600102,2024-03-28,1.0
600102,2024-03-29,1.0
600102,2024-03-30,1.0
600102,2024-03-31,1.0
600102,2024-04-01,1.0
600102,2024-04-02,1.0
600103,2024-03-20,1.0
600103,2024-03-21,1.0
600103,2024-03-22,1.0
600103,2024-03-23,1.0
600103,2024-03-24,1.0
600103,2024-03-25,1.0
600103,2024-03-26,1.0
600103,2024-03-27,1.0
600103,2024-03-28,1.0
600103,2024-03-29,1.0
600103,2024-03-30,1.0
600103,2024-03-31,1.0
600103,2024-04-01,1.0
600103,2024-04-02,1.0
600103,2024-04-03,1.0
600103,2024-04-04,1.0
600103,2024-04-05,1.0
600103,2024-04-06,1.0
600103,2024-04-07,1.0
600103,2024-04-08,1.0
600103,2024-04-09,1.0
600103,2024-04-10,1.0
600103,2024-04-11,1.0
600103,2024-04-12,1.0
600103,2024-04-13,1.0
600103,2024-04-14,1.0
600103,2024-04-15,1.0
600103,2024-04-16,1.0
600103,2024-04-17,1.0
600103,2024-04-18,1.0
600104,2024-03-12,-0.0
600104,2024-03-13,1.0
600104,2024-03-14,1.0
600104,2024-03-15,1.0
600104,2024-03-16,1.0
600104,2024-03-17,1.0
600104,2024-03-18,1.0
600104,2024-03-19,1.0
600104,2024-03-20,1.0
600104,2024-03-21,1.0
600104,2024-03-22,1.0
600104,2024-03-23,1.0
600104,2024-03-24,1.0
600104,2024-03-25,1.0
600104,2024-03-26,1.0
600104,2024-03-27,1.0
600104,2024-03-28,1.0
600104,2024-03-29,1.0
600104,2024-03-30,1.0
600104,2024-03-31,1.0
600104,2024-04-01,1.0
600104,2024-04-02,1.0
600104,2024-04-03,1.0
600104,2024-04-04,1.0
600104,2024-04-05,1.0
600104,2024-04-06,1.0
600104,2024-04-07,1.0
600104,2024-04-08,1.0
600104,2024-04-09,1.0
600104,2024-04-10,1.0
600105,2024-03-06,1.0
600105,2024-03-07,1.0
600105,2024-03-08,1.0
600105,2024-03-09,1.0
600105,2024-03-10,1.0
600105,2024-03-11,1.0
600105,2024-03-12,1.0
600105,2024-03-13,1.0
600105,2024-03-14,1.0
600105,2024-03-15,1.0
600105,2024-03-16,1.0
600105,2024-03-17,1.0
600105,2024-03-18,1.0
600105,2024-03-19,1.0
600105,2024-03-20,1.0
600105,2024-03-21,1.0
600105,2024-03-22,1.0
600105,2024-03-23,1.0
600105,2024-03-24,1.0
600105,2024-03-25,1.0
600105,2024-03-26,1.0
600105,2024-03-27,1.0
600105,2024-03-28,1.0
600105,2024-03-29,1.0
600105,2024-03-30,1.0
600105,2024-03-31,1.0
600105,2024-04-01,1.0
600105,2024-04-02,1.0
600105,2024-04-03,1.0
600105,2024-04-04,1.0
600106,2024-03-18,1.0
600106,2024-03-19,1.0
600106,2024-03-20,1.0
600106,2024-03-21,1.0
600106,2024-03-22,1.0
600106,2024-03-23,1.0
600106,2024-03-24,1.0
600106,2024-03-25,1.0
600106,2024-03-26,1.0
600106,2024-03-27,1.0
600106,2024-03-28,1.0
600106,2024-03-29,1.0
600106,2024-03-30,1.0
600106,2024-03-31,1.0
600106,2024-04-01,1.0
600106,2024-04-02,1.0
600106,2024-04-03,1.0
600106,2024-04-04,1.0
600106,2024-04-05,1.0
600106,2024-04-06,1.0
600106,2024-04-07,1.0
600106,2024-04-08,1.0
600106,2024-04-09,1.0
600106,2024-04-10,1.0
600106,2024-04-11,1.0
600106,2024-04-12,1.0
600106,2024-04-13,1.0
600106,2024-04-14,1.0
600106,2024-04-15,1.0
600106,2024-04-16,1.0
600107,2024-03-10,1.0
600107,2024-03-11,1.0
600107,2024-03-12,1.0
600107,2024-03-13,1.0
600107,2024-03-14,1.0
600107,2024-03-15,1.0
600107,2024-03-16,1.0
600107,2024-03-17,1.0
600107,2024-03-18,1.0
600107,2024-03-19,1.0
600107,2024-03-20,1.0
600107,2024-03-21,1.0
600107,2024-03-22,1.0
600107,2024-03-23,1.0
600107,2024-03-24,1.0
600107,2024-03-25,1.0
600107,2024-03-26,1.0
600107,2024-03-27,1.0
600107,2024-03-28,1.0
600107,2024-03-29,1.0
600107,2024-03-30,1.0
600107,2024-03-31,1.0
600107,2024-04-01,1.0
600107,2024-04-02,1.0
600107,2024-04-03,1.0
600107,2024-04-04,1.0
600107,2024-04-05,1.0
600107,2024-04-06,1.0
600107,2024-04-07,1.0
600107,2024-04-08,1.0
600108,2024-03-17,1.0
600108,2024-03-18,1.0
600108,2024-03-19,1.0
600108,2024-03-20,1.0
600108,2024-03-21,1.0
600108,2024-03-22,1.0
600108,2024-03-23,1.0
600108,2024-03-24,1.0
600108,2024-03-25,1.0
600108,2024-03-26,1.0
600108,2024-03-27,1.0
600108,2024-03-28,1.0
600108,2024-03-29,1.0
600108,2024-03-30,1.0
600108,2024-03-31,1.0
600108,2024-04-01,1.0
600108,2024-04-02,1.0
600108,2024-04-03,1.0
600108,2024-04-04,1.0
600108,2024-04-05,1.0
600108,2024-04-06,1.0
600108,2024-04-07,1.0
600108,2024-04-08,1.0
600108,2024-04-09,1.0
600108,2024-04-10,1.0
600108,2024-04-11,1.0
600108,2024-04-12,1.0
600108,2024-04-13,1.0
600108,2024-04-14,1.0
600108,2024-04-15,1.0
600109,2024-03-17,0.0
600109,2024-03-18,1.0
600109,2024-03-19,1.0
600109,2024-03-20,1.0
600109,2024-03-21,1.0
600109,2024-03-22,1.0
600109,2024-03-23,1.0
600109,2024-03-24,1.0
600109,2024-03-25,1.0
600109,2024-03-26,1.0
600109,2024-03-27,1.0
600109,2024-03-28,1.0
600109,2024-03-29,1.0
600109,2024-03-30,1.0
600109,2024-03-31,1.0
600109,2024-04-01,1.0
600109,2024-04-02,1.0
600109,2024-04-03,1.0
600109,2024-04-04,1.0
600109,2024-04-05,1.0
600109,2024-04-06,1.0
600109,2024-04-07,1.0
600109,2024-04-08,1.0
600109,2024-04-09,1.0
600109,2024-04-10,1.0
600109,2024-04-11,1.0
600109,2024-04-12,1.0
600109,2024-04-13,1.0
600109,2024-04-14,1.0
600109,2024-04-15,1.0
600110,2024-03-12,1.0
600110,2024-03-13,1.0
600110,2024-03-14,1.0
600110,2024-03-15,1.0
600110,2024-03-16,1.0
600110,2024-03-17,1.0
600110,2024-03-18,1.0
600110,2024-03-19,1.0
600110,2024-03-20,1.0
600110,2024-03-21,1.0
600110,2024-03-22,1.0
600110,2024-03-23,1.0
600110,2024-03-24,1.0
600110,2024-03-25,1.0
600110,2024-03-26,1.0
600110,2024-03-27,1.0
600110,2024-03-28,1.0
600110,2024-03-29,1.0
600110,2024-03-30,1.0
600110,2024-03-31,1.0
600110,2024-04-01,1.0
600110,2024-04-02,1.0
600110,2024-04-03,1.0
600110,2024-04-04,1.0
600110,2024-04-05,1.0
600110,2024-04-06,1.0
600110,2024-04-07,1.0
600110,2024-04-08,1.0
600110,2024-04-09,1.0
600110,2024-04-10,1.0
600111,2024-03-20,1.0
600111,2024-03-21,1.0
600111,2024-03-22,1.0
600111,2024-03-23,1.0
600111,2024-03-24,1.0
600111,2024-03-25,1.0
600111,2024-03-26,1.0
600111,2024-03-27,1.0
600111,2024-03-28,1.0
600111,2024-03-29,1.0
600111,2024-03-30,1.0
600111,2024-03-31,1.0
600111,2024-04-01,1.0
600111,2024-04-02,1.0
600111,2024-04-03,1.0
600111,2024-04-04,1.0
600111,2024-04-05,1.0
600111,2024-04-06,1.0
600111,2024-04-07,1.0
600111,2024-04-08,1.0
600111,2024-04-09,1.0
600111,2024-04-10,1.0
600111,2024-04-11,1.0
600111,2024-04-12,1.0
600111,2024-04-13,1.0
600111,2024-04-14,1.0
600111,2024-04-15,1.0
600111,2024-04-16,1.0
600111,2024-04-17,1.0
600111,2024-04-18,1.0
600112,2024-03-18,1.0
600112,2024-03-19,1.0
600112,2024-03-20,1.0
600112,2024-03-21,1.0
600112,2024-03-22,1.0
600112,2024-03-23,1.0
600112,2024-03-24,1.0
600112,2024-03-25,1.0
600112,2024-03-26,1.0
600112,2024-03-27,1.0
600112,2024-03-28,1.0
600112,2024-03-29,1.0
600112,2024-03-30,1.0
600112,2024-03-31,1.0
600112,2024-04-01,1.0
600112,2024-04-02,1.0
600112,2024-04-03,1.0
600112,2024-04-04,1.0
600112,2024-04-05,1.0
600112,2024-04-06,1.0
600112,2024-04-07,1.0
600112,2024-04-08,1.0
600112,2024-04-09,1.0
600112,2024-04-10,1.0
600112,2024-04-11,1.0
600112,2024-04-12,1.0
600112,2024-04-13,1.0
600112,2024-04-14,1.0
600112,2024-04-15,1.0
600112,2024-04-16,1.0
600113,2024-03-14,1.0
600113,2024-03-15,1.0
600113,2024-03-16,1.0
600113,2024-03-17,1.0
600113,2024-03-18,1.0
600113,2024-03-19,1.0
600113,2024-03-20,1.0
600113,2024-03-21,1.0
600113,2024-03-22,1.0
600113,2024-03-23,1.0
600113,2024-03-24,1.0
600113,2024-03-25,1.0
600113,2024-03-26,1.0
600113,2024-03-27,1.0
600113,2024-03-28,1.0
600113,2024-03-29,1.0
600113,2024-03-30,1.0
600113,2024-03-31,1.0
600113,2024-04-01,1.0
600113,2024-04-02,1.0
600113,2024-04-03,1.0
600113,2024-04-04,1.0
600113,2024-04-05,1.0
600113,2024-04-06,1.0
600113,2024-04-07,1.0
600113,2024-04-08,1.0
600113,2024-04-09,1.0
600113,2024-04-10,1.0
600113,2024-04-11,1.0
600113,2024-04-12,1.0
600114,2024-03-05,1.0
600114,2024-03-06,1.0
600114,2024-03-07,1.0
600114,2024-03-08,1.0
600114,2024-03-09,1.0
600114,2024-03-10,1.0
600114,2024-03-11,1.0
600114,2024-03-12,1.0
600114,2024-03-13,1.0
600114,2024-03-14,1.0
600114,2024-03-15,1.0
600114,2024-03-16,1.0
600114,2024-03-17,1.0
600114,2024-03-18,1.0
600114,2024-03-19,1.0
600114,2024-03-20,1.0
600114,2024-03-21,1.0
600114,2024-03-22,1.0
600114,2024-03-23,1.0
600114,2024-03-24,1.0
600114,2024-03-25,1.0
600114,2024-03-26,1.0
600114,2024-03-27,1.0
600114,2024-03-28,1.0
600114,2024-03-29,1.0
600114,2024-03-30,1.0
600114,2024-03-31,1.0
600114,2024-04-01,1.0
600114,2024-04-02,1.0
600114,2024-04-03,1.0
600115,2024-03-19,1.0
600115,2024-03-20,1.0
600115,2024-03-21,1.0
600115,2024-03-22,1.0
600115,2024-03-23,1.0
600115,2024-03-24,1.0
600115,2024-03-25,1.0
600115,2024-03-26,1.0
600115,2024-03-27,1.0
600115,2024-03-28,1.0
600115,2024-03-29,1.0
600115,2024-03-30,1.0
600115,2024-03-31,1.0
600115,2024-04-01,1.0
600115,2024-04-02,1.0
600115,2024-04-03,1.0
600115,2024-04-04,1.0
600115,2024-04-05,1.0
600115,2024-04-06,1.0
600115,2024-04-07,1.0
600115,2024-04-08,1.0
600115,2024-04-09,1.0
600115,2024-04-10,1.0
600115,2024-04-11,1.0
600115,2024-04-12,1.0
600115,2024-04-13,1.0
600115,2024-04-14,1.0
600115,2024-04-15,1.0
600115,2024-04-16,1.0
600115,2024-04-17,1.0
600116,2024-03-10,1.0
600116,2024-03-11,1.0
600116,2024-03-12,1.0
600116,2024-03-13,1.0
600116,2024-03-14,1.0
600116,2024-03-15,1.0
600116,2024-03-16,1.0
600116,2024-03-17,1.0
600116,2024-03-18,1.0
600116,2024-03-19,1.0
600116,2024-03-20,1.0
600116,2024-03-21,1.0
600116,2024-03-22,1.0
600116,2024-03-23,1.0
600116,2024-03-24,1.0
600116,2024-03-25,1.0
600116,2024-03-26,1.0
600116,2024-03-27,1.0
600116,2024-03-28,1.0
600116,2024-03-29,1.0
600116,2024-03-30,1.0
600116,2024-03-31,1.0
600116,2024-04-01,1.0
600116,2024-04-02,1.0
600116,2024-04-03,1.0
600116,2024-04-04,1.0
600116,2024-04-05,1.0
600116,2024-04-06,1.0
600116,2024-04-07,1.0
600116,2024-04-08,1.0
600117,2024-03-17,1.0
600117,2024-03-18,1.0
600117,2024-03-19,1.0
600117,2024-03-20,1.0
600117,2024-03-21,1.0
600117,2024-03-22,1.0
600117,2024-03-23,1.0
600117,2024-03-24,1.0
600117,2024-03-25,1.0
600117,2024-03-26,1.0
600117,2024-03-27,1.0
600117,2024-03-28,1.0
600117,2024-03-29,1.0
600117,2024-03-30,1.0
600117,2024-03-31,1.0
600117,2024-04-01,1.0
600117,2024-04-02,1.0
600117,2024-04-03,1.0
600117,2024-04-04,1.0
600117,2024-04-05,1.0
600117,2024-04-06,1.0
600117,2024-04-07,1.0
600117,2024-04-08,1.0
600117,2024-04-09,1.0
600117,2024-04-10,1.0
600117,2024-04-11,1.0
600117,2024-04-12,1.0
600117,2024-04-13,1.0
600117,2024-04-14,1.0
600117,2024-04-15,1.0
600118,2024-03-14,1.0
600118,2024-03-15,1.0
600118,2024-03-16,1.0
600118,2024-03-17,1.0
600118,2024-03-18,1.0
600118,2024-03-19,1.0
600118,2024-03-20,1.0
600118,2024-03-21,1.0
600118,2024-03-22,1.0
600118,2024-03-23,1.0
600118,2024-03-24,1.0
600118,2024-03-25,1.0
600118,2024-03-26,1.0
600118,2024-03-27,1.0
600118,2024-03-28,1.0
600118,2024-03-29,1.0
600118,2024-03-30,1.0
600118,2024-03-31,1.0
600118,2024-04-01,1.0
600118,2024-04-02,1.0
600118,2024-04-03,1.0
600118,2024-04-04,1.0
600118,2024-04-05,1.0
600118,2024-04-06,1.0
600118,2024-04-07,1.0
600118,2024-04-08,1.0
600118,2024-04-09,1.0
600118,2024-04-10,1.0
600118,2024-04-11,1.0
600118,2024-04-12,1.0
600119,2024-03-18,1.0
600119,2024-03-19,1.0
600119,2024-03-20,1.0
600119,2024-03-21,1.0
600119,2024-03-22,1.0
600119,2024-03-23,1.0
600119,2024-03-24,1.0
600119,2024-03-25,1.0
600119,2024-03-26,1.0
600119,2024-03-27,1.0
600119,2024-03-28,1.0
600119,2024-03-29,1.0
600119,2024-03-30,1.0
600119,2024-03-31,1.0
600119,2024-04-01,1.0
600119,2024-04-02,1.0
600119,2024-04-03,1.0
600119,2024-04-04,1.0
600119,2024-04-05,1.0
600119,2024-04-06,1.0
600119,2024-04-07,1.0
600119,2024-04-08,1.0
600119,2024-04-09,1.0
600119,2024-04-10,1.0
600119,2024-04-11,1.0
600119,2024-04-12,1.0
600119,2024-04-13,1.0
600119,2024-04-14,1.0
600119,2024-04-15,1.0
600119,2024-04-16,1.0
600120,2024-03-15,1.0
600120,2024-03-16,1.0
600120,2024-03-17,1.0
600120,2024-03-18,1.0
600120,2024-03-19,1.0
600120,2024-03-20,1.0
600120,2024-03-21,1.0
600120,2024-03-22,1.0
600120,2024-03-23,1.0
600120,2024-03-24,1.0
600120,2024-03-25,1.0
600120,2024-03-26,1.0
600120,2024-03-27,1.0
600120,2024-03-28,1.0
600120,2024-03-29,1.0
600120,2024-03-30,1.0
600120,2024-03-31,1.0
600120,2024-04-01,1.0
600120,2024-04-02,1.0
600120,2024-04-03,1.0
600120,2024-04-04,1.0
600120,2024-04-05,1.0
600120,2024-04-06,1.0
600120,2024-04-07,1.0
600120,2024-04-08,1.0
600120,2024-04-09,1.0
600120,2024-04-10,1.0
600120,2024-04-11,1.0
600120,2024-04-12,1.0
600120,2024-04-13,1.0
600121,2024-03-07,1.0
600121,2024-03-08,1.0
600121,2024-03-09,1.0
600121,2024-03-10,1.0
600121,2024-03-11,1.0
600121,2024-03-12,1.0
600121,2024-03-13,1.0
600121,2024-03-14,1.0
600121,2024-03-15,1.0
600121,2024-03-16,1.0
600121,2024-03-17,1.0
600121,2024-03-18,1.0
600121,2024-03-19,1.0
600121,2024-03-20,1.0
600121,2024-03-21,1.0
600121,2024-03-22,1.0
600121,2024-03-23,1.0
600121,2024-03-24,1.0
600121,2024-03-25,1.0
600121,2024-03-26,1.0
600121,2024-03-27,1.0
600121,2024-03-28,1.0
600121,2024-03-29,1.0
600121,2024-03-30,1.0
600121,2024-03-31,1.0
600121,2024-04-01,1.0
600121,2024-04-02,1.0
600121,2024-04-03,1.0
600121,2024-04-04,1.0
600121,2024-04-05,1.0
600122,2024-03-07,1.0
600122,2024-03-08,1.0
600122,2024-03-09,1.0
600122,2024-03-10,1.0
600122,2024-03-11,1.0
600122,2024-03-12,1.0
600122,2024-03-13,1.0
600122,2024-03-14,1.0
600122,2024-03-15,1.0
600122,2024-03-16,1.0
600122,2024-03-17,1.0
600122,2024-03-18,1.0
600122,2024-03-19,1.0
600122,2024-03-20,1.0
600122,2024-03-21,1.0
600122,2024-03-22,1.0
600122,2024-03-23,1.0
600122,2024-03-24,1.0
600122,2024-03-25,1.0
600122,2024-03-26,1.0
600122,2024-03-27,1.0
600122,2024-03-28,1.0
600122,2024-03-29,1.0
600122,2024-03-30,1.0
600122,2024-03-31,1.0
600122,2024-04-01,1.0
600122,2024-04-02,1.0
600122,2024-04-03,1.0
600122,2024-04-04,1.0
600122,2024-04-05,1.0
600123,2024-03-12,1.0
600123,2024-03-13,1.0
600123,2024-03-14,1.0
600123,2024-03-15,1.0
600123,2024-03-16,1.0
600123,2024-03-17,1.0
600123,2024-03-18,1.0
600123,2024-03-19,1.0
600123,2024-03-20,1.0
600123,2024-03-21,1.0
600123,2024-03-22,1.0
600123,2024-03-23,1.0
600123,2024-03-24,1.0
600123,2024-03-25,1.0
600123,2024-03-26,1.0
600123,2024-03-27,1.0
600123,2024-03-28,1.0
600123,2024-03-29,1.0
600123,2024-03-30,1.0
600123,2024-03-31,1.0
600123,2024-04-01,1.0
600123,2024-04-02,1.0
600123,2024-04-03,1.0
600123,2024-04-04,1.0
600123,2024-04-05,1.0
600123,2024-04-06,1.0
600123,2024-04-07,1.0
600123,2024-04-08,1.0
600123,2024-04-09,1.0
600123,2024-04-10,1.0
600124,2024-03-13,1.0
600124,2024-03-14,1.0
600124,2024-03-15,1.0
600124,2024-03-16,1.0
600124,2024-03-17,1.0
600124,2024-03-18,1.0
600124,2024-03-19,1.0
600124,2024-03-20,1.0
600124,2024-03-21,1.0
600124,2024-03-22,1.0
600124,2024-03-23,1.0
600124,2024-03-24,1.0
600124,2024-03-25,1.0
600124,2024-03-26,1.0
600124,2024-03-27,1.0
600124,2024-03-28,1.0
600124,2024-03-29,1.0
600124,2024-03-30,1.0
600124,2024-03-31,1.0
600124,2024-04-01,1.0
600124,2024-04-02,1.0
600124,2024-04-03,1.0
600124,2024-04-04,1.0
600124,2024-04-05,1.0
600124,2024-04-06,1.0
600124,2024-04-07,1.0
600124,2024-04-08,1.0
600124,2024-04-09,1.0
600124,2024-04-10,1.0
600124,2024-04-11,1.0
600125,2024-03-07,1.0
600125,2024-03-08,1.0
600125,2024-03-09,1.0
600125,2024-03-10,1.0
600125,2024-03-11,1.0
600125,2024-03-12,1.0
600125,2024-03-13,1.0
600125,2024-03-14,1.0
600125,2024-03-15,1.0
600125,2024-03-16,1.0
600125,2024-03-17,1.0
600125,2024-03-18,1.0
600125,2024-03-19,1.0
600125,2024-03-20,1.0
600125,2024-03-21,1.0
600125,2024-03-22,1.0
600125,2024-03-23,1.0
600125,2024-03-24,1.0
600125,2024-03-25,1.0
600125,2024-03-26,1.0
600125,2024-03-27,1.0
600125,2024-03-28,1.0
600125,2024-03-29,1.0
600125,2024-03-30,1.0
600125,2024-03-31,1.0
600125,2024-04-01,1.0
600125,2024-04-02,1.0
600125,2024-04-03,1.0
600125,2024-04-04,1.0
600125,2024-04-05,1.0
600126,2024-03-06,1.0
600126,2024-03-07,1.0
600126,2024-03-08,1.0
600126,2024-03-09,1.0
600126,2024-03-10,1.0
600126,2024-03-11,1.0
600126,2024-03-12,1.0
600126,2024-03-13,1.0
600126,2024-03-14,1.0
600126,2024-03-15,1.0
600126,2024-03-16,1.0
600126,2024-03-17,1.0
600126,2024-03-18,1.0
600126,2024-03-19,1.0
600126,2024-03-20,1.0
600126,2024-03-21,1.0
600126,2024-03-22,1.0
600126,2024-03-23,1.0
600126,2024-03-24,1.0
600126,2024-03-25,1.0
600126,2024-03-26,1.0
600126,2024-03-27,1.0
600126,2024-03-28,1.0
600126,2024-03-29,1.0
600126,2024-03-30,1.0
600126,2024-03-31,1.0
600126,2024-04-01,1.0
600126,2024-04-02,1.0
600126,2024-04-03,1.0
600126,2024-04-04,1.0
600127,2024-03-20,1.0
600127,2024-03-21,1.0
600127,2024-03-22,1.0
600127,2024-03-23,1.0
600127,2024-03-24,1.0
600127,2024-03-25,1.0
600127,2024-03-26,1.0
600127,2024-03-27,1.0
600127,2024-03-28,1.0
600127,2024-03-29,1.0
600127,2024-03-30,1.0
600127,2024-03-31,1.0
600127,2024-04-01,1.0
600127,2024-04-02,1.0
600127,2024-04-03,1.0
600127,2024-04-04,1.0
600127,2024-04-05,1.0
600127,2024-04-06,1.0
600127,2024-04-07,1.0
600127,2024-04-08,1.0
600127,2024-04-09,1.0
600127,2024-04-10,1.0
600127,2024-04-11,1.0
600127,2024-04-12,1.0
600127,2024-04-13,1.0
600127,2024-04-14,1.0
600127,2024-04-15,1.0
600127,2024-04-16,1.0
600127,2024-04-17,1.0
600127,2024-04-18,1.0
